"date","hostname","page","visits","visitors","pageviews","total_scroll_depth","total_scroll_depth_visits","total_time_on_page","total_time_on_page_visits"
"2025-12-10","sinotales.com","/blog/",1,1,1,100,1,1,1
"2025-12-21","sinotales.com","/",2,2,8,127,2,103,2
"2025-12-22","sinotales.com","/blog/",1,1,2,0,0,0,0
"2025-12-22","sinotales.com","/contact/",1,1,2,100,1,3,1
"2025-12-22","sinotales.com","/",2,1,5,53,2,5,2
"2025-12-23","sinotales.com","/",1,1,1,46,1,3,1
"2025-12-24","sinotales.com","/itineraries/regional-loops/ultimate-yunnan-loop-kunming-dali-lijiang-and-shangri-la-in-10-days/",1,1,1,100,1,9,1
"2025-12-24","sinotales.com","/planning/transport/china-high-speed-train-guide-booking-tips/",1,1,2,100,1,4,1
"2025-12-24","sinotales.com","/category/planning/visas-permits/",1,1,2,100,1,34,1
"2025-12-24","sinotales.com","/category/planning/transport/",1,1,2,100,1,4,1
"2025-12-24","sinotales.com","/destinations/guangxi/longji-rice-terraces-hiking-guide/",1,1,1,100,1,4,1
"2025-12-24","sinotales.com","/category/destinations/xinjiang/",1,1,2,100,1,5,1
"2025-12-24","sinotales.com","/blog/",1,1,2,100,1,18,1
"2025-12-24","sinotales.com","/category/planning/best-time-to-visit/",1,1,1,100,1,2,1
"2025-12-24","sinotales.com","/destinations/tibet/tibet-travel-permits-guide-ttb-aliens-military/",1,1,1,100,1,2,1
"2025-12-24","sinotales.com","/category/planning/budget-logistics/",1,1,2,100,1,3,1
"2025-12-24","sinotales.com","/category/destinations/tibet/",1,1,1,100,1,2,1
"2025-12-24","sinotales.com","/destinations/heilongjiang/harbin-ice-festival-2025-travel-guide/",1,1,1,100,1,3,1
"2025-12-24","sinotales.com","/category/planning/apps-tech/",1,1,2,100,1,4,1
"2025-12-24","sinotales.com","/category/destinations/sichuan/",1,1,1,100,1,3,1
"2025-12-24","sinotales.com","/",2,2,9,200,2,153,2
"2025-12-25","sinotales.com","/",3,3,5,136,3,36,3
"2025-12-26","sinotales.com","/contact/",3,2,5,163,3,124,3
"2025-12-26","sinotales.com","/",5,4,54,311,5,1539,5
"2025-12-26","sinotales.com","/category/destinations/",1,1,2,18,1,6,1
"2025-12-27","sinotales.com","/",8,7,45,251,4,261,4
"2025-12-27","sinotales.com","/destinations/sichuan/chengdu-day-trips-leshan-emei/",5,2,16,262,5,144,5
"2025-12-27","sinotales.com","/blog/",1,1,2,51,1,9,1
"2025-12-28","sinotales.com","/",2,1,13,123,2,22,2
"2025-12-29","sinotales.com","/",4,4,9,48,1,16,1
"2025-12-30","sinotales.com","/ressources/transport/china-high-speed-train-guide-booking-tips/",1,1,1,88,1,4,1
"2025-12-30","sinotales.com","/blog/",1,1,2,43,1,6,1
"2025-12-30","sinotales.com","/destinations/beijing/",1,1,3,57,1,9,1
"2025-12-30","sinotales.com","/contact/",1,1,2,100,1,12,1
"2025-12-30","sinotales.com","/",10,8,26,311,7,1039,7
"2025-12-30","sinotales.com","/destinations/guizhou/china-travel-tips-guizhou-guide/",1,1,2,98,1,26,1
"2025-12-30","sinotales.com","/destinations/chongqing/",1,1,2,100,1,6,1
"2025-12-30","sinotales.com","/ressources/best-time-to-visit/",1,1,2,68,1,7,1
"2025-12-30","sinotales.com","/destinations/sichuan/",1,1,8,86,1,40,1
"2025-12-31","sinotales.com","/ressources/transport/china-high-speed-train-guide-booking-tips/",1,1,1,14,1,1,1
"2026-01-02","sinotales.com","/",4,4,7,100,1,5,1
"2026-01-06","sinotales.com","/",1,1,4,56,1,12,1
"2026-01-07","sinotales.com","/",5,5,7,100,1,178,1
"2026-01-08","sinotales.com","/",2,2,3,0,0,0,0
"2026-01-10","sinotales.com","/ressources/transport/china-high-speed-train-guide-booking-tips/",1,1,1,47,1,47,1
"2026-01-10","sinotales.com","/destinations/chengdu/",1,1,1,54,1,12,1
"2026-01-10","sinotales.com","/destinations/beijing/",1,1,3,100,1,42,1
"2026-01-10","sinotales.com","/ressources/visas-permits/",1,1,1,100,1,13,1
"2026-01-10","sinotales.com","/destinations/shanghai/",1,1,1,87,1,26,1
"2026-01-10","sinotales.com","/",3,3,5,100,1,27,1
"2026-01-12","sinotales.com","/",3,3,5,18,1,2,1
"2026-01-13","sinotales.com","/",2,2,3,0,0,0,0
"2026-01-17","sinotales.com","/",1,1,2,66,1,22,1
"2026-01-21","sinotales.com","/",2,2,3,0,0,0,0
"2026-01-21","sinotales.com","/ressources/",1,1,1,16,1,11,1
"2026-01-22","sinotales.com","/destinations/xian/xian-3-day-itinerary-travel-tips/",1,1,2,100,1,8,1
"2026-01-22","sinotales.com","/ressources/transport/china-high-speed-train-guide-booking-tips/",1,1,1,75,1,318,1
"2026-01-22","sinotales.com","/blog/",1,1,2,0,0,0,0
"2026-01-22","sinotales.com","/",1,1,2,0,0,0,0
"2026-01-24","sinotales.com","/",1,1,1,100,1,2,1
"2026-01-25","sinotales.com","/",3,3,6,0,0,0,0
"2026-01-27","sinotales.com","/blog/",1,1,2,26,1,14,1
"2026-01-27","sinotales.com","/destinations/sichuan/chengdu-day-trips-leshan-emei/",1,1,2,100,1,4,1
"2026-01-27","sinotales.com","/",4,4,7,16,1,6,1
"2026-01-28","sinotales.com","/",1,1,1,0,0,0,0
"2026-01-29","sinotales.com","/",1,1,2,28,1,14,1
"2026-01-29","sinotales.com","/ressources/transport/china-high-speed-train-guide-booking-tips/",1,1,2,100,1,9,1
"2026-01-30","sinotales.com","/ressources/budget-logistics/china-travel-tips-family-budget-cost/",1,1,1,63,1,107,1
"2026-02-01","sinotales.com","/ressources/budget-logistics/china-travel-tips-family-budget-cost/",1,1,1,8,1,0,1
"2026-02-01","sinotales.com","/destinations/gansu/china-travel-tips-qinghai-gansu-loop/",1,1,1,100,1,2,1
"2026-02-02","sinotales.com","/",1,1,2,0,0,0,0
"2026-02-03","sinotales.com","/",1,1,1,0,0,0,0
"2026-02-03","sinotales.com","/destinations/hangzhou/hangzhou-west-lake-china-travel-guide/",1,1,2,100,1,5,1
"2026-02-03","sinotales.com","/ressources/transport/china-high-speed-train-guide-booking-tips/",1,1,1,0,0,0,0
"2026-02-04","sinotales.com","/destinations/harbin/harbin-ice-festival-2025-travel-guide/",1,1,1,100,1,3,1
"2026-02-05","sinotales.com","/destinations/shanghai/shanghai-metro-guide-travel-tips/",1,1,2,100,1,2,1
"2026-02-05","sinotales.com","/ressources/budget-logistics/china-travel-tips-family-budget-cost/",3,3,4,91,1,10,1
"2026-02-05","sinotales.com","/destinations/yunnan/yunnan-travel-guide-kunming-dali-lijiang/",1,1,1,0,0,0,0
"2026-02-05","sinotales.com","/",2,2,4,0,0,0,0
"2026-02-05","sinotales.com","/ressources/money-costs/china-travel-cost-guide-2026/",1,1,2,100,1,5,1
"2026-02-06","sinotales.com","/destinations/gansu/china-travel-tips-qinghai-gansu-loop/",2,2,2,0,0,0,0
"2026-02-06","sinotales.com","/destinations/guangxi/4-day-guilin-yangshuo-itinerary/",1,1,2,94,1,570,1
"2026-02-06","sinotales.com","/destinations/shanghai/shanghai-metro-guide-travel-tips/",2,2,2,0,0,0,0
"2026-02-06","sinotales.com","/",1,1,2,17,1,5,1
"2026-02-06","sinotales.com","/ressources/money-costs/china-travel-cost-guide-2026/",3,3,3,0,0,0,0
"2026-02-07","sinotales.com","/ressources/money-costs/china-travel-cost-guide-2026/",3,3,3,0,0,0,0
"2026-02-07","sinotales.com","/interests/water-towns/wuzhen-vs-tongli-suzhou-water-towns-guide/",2,2,2,0,0,0,0
"2026-02-08","sinotales.com","/ressources/transport/china-high-speed-train-guide-booking-tips/",1,1,2,100,1,6,1
"2026-02-08","sinotales.com","/destinations/chengdu/chengdu-panda-base-guide-china-travel-tips/",1,1,1,0,0,0,0
"2026-02-09","sinotales.com","/ressources/money-costs/china-travel-cost-guide-2026/",1,1,1,7,1,2,1
"2026-02-09","sinotales.com","/ressources/budget-logistics/china-travel-tips-family-budget-cost/",1,1,1,77,1,40,1
"2026-02-10","sinotales.com","/",1,1,1,8,1,2,1
"2026-02-10","sinotales.com","/destinations/hangzhou/hangzhou-west-lake-china-travel-guide/",1,1,1,0,0,0,0
"2026-02-10","sinotales.com","/ressources/money-costs/china-travel-cost-guide-2026/",2,2,2,100,1,3,1
"2026-02-10","sinotales.com","/ressources/budget-logistics/china-travel-tips-family-budget-cost/",1,1,1,19,1,9,1
"2026-02-11","sinotales.com","/ressources/transport/harbin-to-china-snow-town-guide/",1,1,1,0,0,0,0
"2026-02-11","sinotales.com","/ressources/money-costs/china-travel-cost-guide-2026/",1,1,1,0,0,0,0
"2026-02-12","sinotales.com","/ressources/money-costs/china-travel-cost-guide-2026/",1,1,1,0,0,0,0
"2026-02-12","sinotales.com","/ressources/transport/china-high-speed-train-guide-booking-tips/",1,1,1,31,1,13,1
"2026-02-12","sinotales.com","/",2,2,2,0,0,0,0
"2026-02-12","sinotales.com","/destinations/yunnan/kunming/kunming-travel-guide-china-itinerary/",1,1,1,15,1,5,1
"2026-02-12","sinotales.com","/interests/food-drink/xian-muslim-quarter-food-guide/",1,1,1,100,1,12,1
"2026-02-13","sinotales.com","/destinations/chengdu/chengdu-panda-base-guide-china-travel-tips/",1,1,1,100,1,5,1
"2026-02-13","sinotales.com","/ressources/transport/china-high-speed-train-guide-booking-tips/",1,1,1,31,1,102,1
"2026-02-13","sinotales.com","/ressources/money-costs/china-travel-cost-guide-2026/",1,1,1,0,0,0,0
"2026-02-13","sinotales.com","/ressources/transport/harbin-to-china-snow-town-guide/",1,1,1,0,0,0,0
"2026-02-13","sinotales.com","/interests/water-towns/wuzhen-vs-tongli-suzhou-water-towns-guide/",1,1,1,77,1,111,1
"2026-02-13","sinotales.com","/ressources/safety/first-time-travel-china-solo-female/",1,1,1,57,1,30,1
"2026-02-14","sinotales.com","/destinations/jingdezhen/jingdezhen-travel-guide-china/",1,1,1,100,1,2,1
"2026-02-14","sinotales.com","/ressources/safety/first-time-travel-china-solo-female/",1,1,1,100,1,6,1
"2026-02-15","sinotales.com","/ressources/transport/harbin-to-china-snow-town-guide/",1,1,1,11,1,7,1
"2026-02-15","sinotales.com","/destinations/chengdu/sanxingdui-museum-guide-chengdu/",1,1,1,0,0,0,0
"2026-02-15","sinotales.com","/destinations/macau/macau-travel-guide-2026/",1,1,1,64,1,17,1
"2026-02-16","sinotales.com","/ressources/money-costs/china-travel-cost-guide-2026/",2,2,2,107,2,4,2
"2026-02-17","sinotales.com","/interests/water-towns/wuzhen-vs-tongli-suzhou-water-towns-guide/",1,1,1,85,1,160,1
"2026-02-17","sinotales.com","/destinations/yunnan/china-travel-tips-yunnan-guide/",1,1,1,19,1,2,1
"2026-02-18","sinotales.com","/ressources/safety/first-time-travel-china-solo-female/",2,2,2,26,1,176,1
"2026-02-18","sinotales.com","/ressources/transport/harbin-to-china-snow-town-guide/",1,1,1,55,1,42,1
"2026-02-18","sinotales.com","/ressources/transport/china-high-speed-train-guide-booking-tips/",3,3,3,139,3,63,3
"2026-02-18","sinotales.com","/destinations/guangdong/guangzhou/",1,1,1,82,1,4,1
"2026-02-18","sinotales.com","/",1,1,1,34,1,14,1
"2026-02-19","sinotales.com","/interests/photography/china-photography-packing-list-travel-tips/",1,1,1,83,1,205,1
"2026-02-19","sinotales.com","/destinations/chengdu/chengdu-panda-base-guide-china-travel-tips/",1,1,1,0,0,0,0
"2026-02-19","sinotales.com","/",3,3,4,9,1,1,1
"2026-02-19","sinotales.com","/ressources/budget-logistics/china-travel-tips-family-budget-cost/",2,2,2,7,1,0,1
"2026-02-19","sinotales.com","/ressources/transport/china-high-speed-train-guide-booking-tips/",1,1,1,6,1,2,1
"2026-02-19","sinotales.com","/destinations/yunnan/kunming/kunming-travel-guide-china-itinerary/",1,1,1,100,1,2,1
"2026-02-20","sinotales.com","/tag/china-travel-2026/",1,1,1,0,0,0,0
"2026-02-20","sinotales.com","/destinations/xian/xian-3-day-itinerary-travel-tips/",1,1,1,100,1,15,1
"2026-02-20","sinotales.com","/destinations/gansu/china-travel-tips-qinghai-gansu-loop/",3,3,3,20,2,12,2
"2026-02-20","sinotales.com","/destinations/jingdezhen/jingdezhen-travel-guide-china/",1,1,1,93,1,56,1
"2026-02-20","sinotales.com","/ressources/visas-permits/china-travel-tips-144-hour-visa-free-guide/",1,1,1,0,0,0,0
"2026-02-20","sinotales.com","/destinations/anhui/china-travel-tips-anhui-tea-trail/",1,1,1,100,1,4,1
"2026-02-20","sinotales.com","/interests/water-towns/wuzhen-vs-tongli-suzhou-water-towns-guide/",3,3,3,100,1,336,1
"2026-02-20","sinotales.com","/destinations/yunnan/yunnan-travel-guide-kunming-dali-lijiang/",1,1,1,83,1,137,1
"2026-02-20","sinotales.com","/tag/shanghai-day-trips/",2,2,2,0,0,0,0
"2026-02-20","sinotales.com","/destinations/beijing/beijing-antique-markets-guide/",2,2,2,0,0,0,0
"2026-02-20","sinotales.com","/tag/13-year/",2,2,2,0,0,0,0
"2026-02-20","sinotales.com","/tag/western-hills/",1,1,1,0,0,0,0
"2026-02-20","sinotales.com","/tag/sanya/",2,2,2,0,0,0,0
"2026-02-20","sinotales.com","/destinations/harbin/harbin-ice-festival-2025-travel-guide/",1,1,1,100,1,4,1
"2026-02-20","sinotales.com","/tag/beijing-transport/",1,1,1,0,0,0,0
"2026-02-20","sinotales.com","/destinations/sichuan/chengdu-day-trips-leshan-emei/",1,1,1,100,1,6,1
"2026-02-20","sinotales.com","/",3,3,3,27,1,6,1
"2026-02-20","sinotales.com","/interests/food-drink/changsha-food-guide-china-travel-tips/",1,1,1,9,1,1,1
"2026-02-20","sinotales.com","/tag/tongli/",1,1,1,0,0,0,0
"2026-02-21","sinotales.com","/interests/photography/china-photography-packing-list-travel-tips/",1,1,1,90,1,235,1
"2026-02-21","sinotales.com","/",1,1,2,0,0,0,0
"2026-02-21","sinotales.com","/destinations/tibet/7-day-tibet-itinerary-lhasa-everest/",1,1,1,100,1,3,1
"2026-02-21","sinotales.com","/interests/water-towns/wuzhen-vs-tongli-suzhou-water-towns-guide/",1,1,2,99,1,105,1
"2026-02-21","sinotales.com","/ressources/transport/china-high-speed-train-guide-booking-tips/",1,1,1,81,1,14,1
"2026-02-22","sinotales.com","/",2,2,2,0,0,0,0
"2026-02-22","sinotales.com","/destinations/chengdu/chengdu-metro-guide-tourist-tips/",1,1,1,0,0,0,0
"2026-02-23","sinotales.com","/destinations/xian/xian-3-day-itinerary-travel-tips/",1,1,1,91,1,120,1
"2026-02-23","sinotales.com","/destinations/xian/",1,1,1,57,1,4,1
"2026-02-23","sinotales.com","/ressources/transport/china-high-speed-train-guide-booking-tips/",1,1,1,100,1,6,1
"2026-02-23","sinotales.com","/destinations/jingdezhen/jingdezhen-travel-guide-china/",1,1,1,91,1,9,1
"2026-02-23","sinotales.com","/",1,1,1,32,1,15,1
"2026-02-23","sinotales.com","/ressources/safety/first-time-travel-china-solo-female/",1,1,1,100,1,4,1
"2026-02-23","sinotales.com","/destinations/chengdu/",1,1,1,77,1,24,1
"2026-02-24","sinotales.com","/destinations/xian/",1,1,1,55,1,4,1
"2026-02-24","sinotales.com","/destinations/hainan/hainan-coastal-highway-road-trip-itinerary/",1,1,1,11,1,9,1
"2026-02-24","sinotales.com","/",2,2,2,46,2,12,2
"2026-02-24","sinotales.com","/interests/photography/china-photography-packing-list-travel-tips/",1,1,1,99,1,15,1
"2026-02-24","sinotales.com","/destinations/xian/xian-3-day-itinerary-travel-tips/",1,1,1,79,1,77,1
"2026-02-25","sinotales.com","/destinations/shanghai/shanghai-day-trips-high-speed-rail-guide/",1,1,1,100,1,155,1
"2026-02-25","sinotales.com","/ressources/transport/china-laos-railway-guide-kunming-to-luang-prabang/",1,1,1,76,1,16,1
"2026-02-25","sinotales.com","/destinations/shanghai/",1,1,1,100,1,15,1
"2026-02-25","sinotales.com","/ressources/transport/harbin-to-china-snow-town-guide/",1,1,1,100,1,2,1
"2026-02-25","sinotales.com","/destinations/chengdu/chengdu-metro-guide-tourist-tips/",1,1,1,95,1,105,1
"2026-02-25","sinotales.com","/",1,1,1,100,1,6,1
"2026-02-25","sinotales.com","/destinations/jingdezhen/jingdezhen-travel-guide-china/",2,2,3,104,2,275,2
"2026-02-25","sinotales.com","/destinations/",1,1,1,20,1,23,1
"2026-02-26","sinotales.com","/ressources/transport/china-laos-railway-guide-kunming-to-luang-prabang/",1,1,1,95,1,91,1
"2026-02-26","sinotales.com","/interests/water-towns/wuzhen-vs-tongli-suzhou-water-towns-guide/",1,1,1,0,0,0,0
"2026-02-26","sinotales.com","/ressources/budget-logistics/china-travel-tips-family-budget-cost/",2,2,2,35,2,18,2
"2026-02-26","sinotales.com","/ressources/apps-tech/china-travel-apps-guide-2026/",1,1,1,12,1,2,1
"2026-02-26","sinotales.com","/destinations/yunnan/yunnan-travel-guide-kunming-dali-lijiang/",1,1,1,93,1,84,1
"2026-02-26","sinotales.com","/",1,1,2,20,1,9,1
"2026-02-26","sinotales.com","/destinations/shanghai/",1,1,1,95,1,17,1
"2026-02-26","sinotales.com","/destinations/jingdezhen/jingdezhen-travel-guide-china/",1,1,1,0,0,0,0
"2026-02-26","sinotales.com","/interests/food-drink/xian-muslim-quarter-food-guide/",1,1,1,0,0,0,0
"2026-02-26","sinotales.com","/destinations/yunnan/",1,1,1,80,1,24,1
"2026-02-27","sinotales.com","/interests/food-drink/pingyao-ancient-city-guide/",1,1,1,7,1,1,1
"2026-02-27","sinotales.com","/destinations/hangzhou/hangzhou-west-lake-china-travel-guide/",1,1,1,100,1,3,1
"2026-02-27","sinotales.com","/destinations/chengdu/sanxingdui-museum-guide-chengdu/",1,1,1,100,1,1,1
"2026-02-27","sinotales.com","/",1,1,1,20,1,2,1
"2026-02-27","sinotales.com","/ressources/transport/china-high-speed-train-guide-booking-tips/",1,1,1,48,1,14,1
"2026-02-27","sinotales.com","/interests/water-towns/wuzhen-vs-tongli-suzhou-water-towns-guide/",1,1,1,83,1,103,1
"2026-02-28","sinotales.com","/destinations/gansu/china-travel-tips-qinghai-gansu-loop/",5,5,5,0,0,0,0
"2026-02-28","sinotales.com","/destinations/",1,1,1,10,1,7,1
"2026-02-28","sinotales.com","/destinations/yunnan/first-time-travel-china-yunnan-loop/",1,1,1,100,1,130,1
"2026-02-28","sinotales.com","/destinations/yunnan/",1,1,1,87,1,29,1
"2026-02-28","sinotales.com","/ressources/apps-tech/china-travel-apps-guide-2026/",1,1,2,0,0,0,0
"2026-02-28","sinotales.com","/ressources/transport/china-laos-railway-guide-kunming-to-luang-prabang/",1,1,1,88,1,301,1
"2026-02-28","sinotales.com","/",1,1,1,33,1,7,1
"2026-03-01","sinotales.com","/ressources/budget-logistics/china-travel-tips-family-budget-cost/",2,2,2,0,0,0,0
"2026-03-01","sinotales.com","/ressources/apps-tech/china-travel-apps-guide-2026/",3,3,3,8,1,7,1
"2026-03-01","sinotales.com","/destinations/yunnan/kunming/kunming-travel-guide-china-itinerary/",1,1,1,100,1,5,1
"2026-03-01","sinotales.com","/ressources/transport/harbin-to-china-snow-town-guide/",1,1,1,61,1,79,1
"2026-03-01","sinotales.com","/ressources/money-costs/china-travel-cost-guide-2026/",1,1,1,0,0,0,0
"2026-03-02","sinotales.com","/ressources/transport/china-laos-railway-guide-kunming-to-luang-prabang/",2,2,2,100,1,3,1
"2026-03-02","sinotales.com","/destinations/beijing/beijing-hutong-food-guide/",1,1,1,0,0,0,0
"2026-03-02","sinotales.com","/ressources/apps-tech/china-travel-apps-guide-2026/",3,3,3,23,1,106,1
"2026-03-02","sinotales.com","/ressources/money-costs/china-travel-cost-guide-2026/",1,1,1,100,1,5,1
"2026-03-03","sinotales.com","/destinations/guangdong/guangzhou/guangzhou-itinerary-china-travel-tips/",1,1,1,16,1,8,1
"2026-03-03","sinotales.com","/destinations/hainan/hainan-travel-guide-yanoda-wuzhishan-hiking/",1,1,1,19,1,2,1
"2026-03-03","sinotales.com","/destinations/chengdu/chengdu-metro-guide-tourist-tips/",1,1,1,100,1,3,1
"2026-03-03","sinotales.com","/",1,1,2,37,1,4,1
"2026-03-04","sinotales.com","/ressources/transport/china-laos-railway-guide-kunming-to-luang-prabang/",1,1,1,20,1,22,1
"2026-03-04","sinotales.com","/destinations/chengdu/chengdu-panda-base-guide-china-travel-tips/",1,1,1,55,1,6,1
"2026-03-04","sinotales.com","/",3,3,3,16,1,0,1
"2026-03-04","sinotales.com","/ressources/money-costs/china-travel-cost-guide-2026/",1,1,1,0,0,0,0
"2026-03-04","sinotales.com","/destinations/yunnan/yunnan-travel-guide-kunming-dali-lijiang/",1,1,1,8,1,0,1
"2026-03-04","sinotales.com","/ressources/apps-tech/china-travel-apps-guide-2026/",1,1,1,0,0,0,0
"2026-03-05","sinotales.com","/ressources/transport/china-high-speed-train-guide-booking-tips/",2,2,2,117,2,26,2
"2026-03-05","sinotales.com","/destinations/hainan/hainan-travel-guide-yanoda-wuzhishan-hiking/",1,1,1,100,1,3,1
"2026-03-05","sinotales.com","/ressources/transport/harbin-to-china-snow-town-guide/",1,1,1,51,1,2,1
"2026-03-05","sinotales.com","/destinations/gansu/china-travel-tips-qinghai-gansu-loop/",1,1,1,95,1,811,1
"2026-03-05","sinotales.com","/interests/photography/china-photography-packing-list-travel-tips/",1,1,1,100,1,2,1
"2026-03-05","sinotales.com","/destinations/shenzhen/dapeng-peninsula-hiking-guide/",1,1,1,100,1,2,1
"2026-03-05","sinotales.com","/",3,3,3,18,1,1,1
"2026-03-05","sinotales.com","/destinations/anhui/china-travel-tips-anhui-tea-trail/",1,1,1,100,1,1,1
"2026-03-06","sinotales.com","/ressources/budget-logistics/china-travel-tips-family-budget-cost/",1,1,1,0,0,0,0
"2026-03-06","sinotales.com","/ressources/apps-tech/china-travel-apps-guide-2026/",1,1,1,0,0,0,0
"2026-03-06","sinotales.com","/destinations/beijing/beijing-hutong-food-guide/",1,1,1,100,1,1,1
"2026-03-06","sinotales.com","/interests/nature-hiking/chongqing-wulong-karst-day-trip/",2,2,2,127,2,53,2
"2026-03-06","sinotales.com","/destinations/tibet/tibet-train-travel-guide/",1,1,1,100,1,5,1
"2026-03-06","sinotales.com","/destinations/jingdezhen/jingdezhen-travel-guide-china/",1,1,1,38,1,1,1
"2026-03-07","sinotales.com","/destinations/gansu/china-travel-tips-silk-road-gansu/",1,1,1,100,1,1,1
"2026-03-07","sinotales.com","/ressources/transport/harbin-to-china-snow-town-guide/",1,1,1,100,1,1,1
"2026-03-07","sinotales.com","/destinations/harbin/harbin-ice-festival-2025-travel-guide/",1,1,1,100,1,5,1
"2026-03-07","sinotales.com","/interests/nature-hiking/chongqing-wulong-karst-day-trip/",1,1,1,0,0,0,0
"2026-03-07","sinotales.com","/interests/water-towns/wuzhen-vs-tongli-suzhou-water-towns-guide/",1,1,1,89,1,132,1
"2026-03-08","sinotales.com","/",1,1,1,0,0,0,0
"2026-03-08","sinotales.com","/destinations/guangxi/yangshuo/",1,1,1,100,1,11,1
"2026-03-08","sinotales.com","/ressources/budget-logistics/china-travel-tips-family-budget-cost/",2,2,2,0,0,0,0
"2026-03-08","sinotales.com","/ressources/apps-tech/china-travel-apps-guide-2026/",3,2,3,0,0,0,0
"2026-03-08","sinotales.com","/destinations/guangxi/yangshuo/cycling-yulong-river-yangshuo-guide/",1,1,1,98,1,46,1
"2026-03-08","sinotales.com","/ressources/safety/first-time-travel-china-solo-female/",1,1,1,13,1,10,1
"2026-03-09","sinotales.com","/interests/culture-history/nanxun-water-town-guide-china/",3,2,3,46,3,42,3
"2026-03-09","sinotales.com","/destinations/guangxi/yangshuo/cycling-yulong-river-yangshuo-guide/",1,1,1,41,1,1,1
"2026-03-09","sinotales.com","/ressources/transport/beijing-shanghai-high-speed-train-guide/",1,1,1,44,1,13,1
"2026-03-09","sinotales.com","/interests/food-drink/xian-muslim-quarter-food-guide/",1,1,1,0,0,0,0
"2026-03-09","sinotales.com","/ressources/apps-tech/china-travel-apps-guide-2026/",1,1,1,0,0,0,0
"2026-03-09","sinotales.com","/",4,3,8,94,4,23,4
"2026-03-09","sinotales.com","/ressources/money-costs/china-travel-cost-guide-2026/",1,1,1,0,0,0,0
"2026-03-09","sinotales.com","/ressources/budget-logistics/china-travel-tips-family-budget-cost/",2,2,2,11,1,4,1
"2026-03-09","sinotales.com","/interests/water-towns/wuzhen-vs-tongli-suzhou-water-towns-guide/",1,1,4,98,1,604,1
"2026-03-10","sinotales.com","/interests/culture-history/nanxun-water-town-guide-china/",1,1,1,100,1,0,1
"2026-03-10","sinotales.com","/ressources/transport/beijing-shanghai-high-speed-train-guide/",1,1,1,81,1,101,1
"2026-03-10","sinotales.com","/destinations/shenzhen/dapeng-peninsula-hiking-guide/",1,1,1,77,1,269,1
"2026-03-10","sinotales.com","/ressources/apps-tech/china-travel-apps-guide-2026/",1,1,1,89,1,4,1
"2026-03-10","sinotales.com","/destinations/hangzhou/hangzhou-west-lake-china-travel-guide/",1,1,1,100,1,1,1
"2026-03-10","sinotales.com","/interests/water-towns/wuzhen-vs-tongli-suzhou-water-towns-guide/",1,1,1,24,1,69,1
"2026-03-10","sinotales.com","/ressources/budget-logistics/china-travel-tips-family-budget-cost/",17,17,20,0,0,0,0
"2026-03-11","sinotales.com","/",2,2,2,0,0,0,0
"2026-03-11","sinotales.com","/ressources/budget-logistics/china-travel-tips-family-budget-cost/",2,2,2,44,1,5,1
"2026-03-11","sinotales.com","/destinations/guangxi/yangshuo/cycling-yulong-river-yangshuo-guide/",1,1,1,41,1,34,1
"2026-03-12","sinotales.com","/destinations/guangxi/yangshuo/cycling-yulong-river-yangshuo-guide/",2,2,2,48,1,29,1
"2026-03-12","sinotales.com","/destinations/shanghai/where-to-stay-shanghai-first-time-guide/",1,1,1,92,1,122,1
"2026-03-12","sinotales.com","/destinations/chengdu/chengdu-metro-guide-tourist-tips/",1,1,1,37,1,2,1
"2026-03-12","sinotales.com","/destinations/gansu/china-travel-tips-qinghai-gansu-loop/",1,1,1,17,1,5,1
"2026-03-13","sinotales.com","/",3,3,3,8,1,2,1
"2026-03-13","sinotales.com","/destinations/sichuan/china-travel-tips-western-sichuan-guide/",1,1,1,22,1,4,1
"2026-03-13","sinotales.com","/ressources/apps-tech/china-travel-apps-guide-2026/",1,1,1,0,0,0,0
"2026-03-13","sinotales.com","/destinations/beijing/beijing-hutong-food-guide/",1,1,1,100,1,57,1
"2026-03-13","sinotales.com","/interests/water-towns/wuzhen-vs-tongli-suzhou-water-towns-guide/",1,1,2,40,1,34,1
"2026-03-13","sinotales.com","/destinations/shanghai/where-to-stay-shanghai-first-time-guide/",1,1,1,75,1,25,1
"2026-03-13","sinotales.com","/ressources/transport/china-laos-railway-guide-kunming-to-luang-prabang/",1,1,1,8,1,3,1
"2026-03-14","sinotales.com","/destinations/beijing/beijing-capital-airport-express-guide/",2,2,2,39,1,2,1
"2026-03-14","sinotales.com","/ressources/apps-tech/china-travel-apps-guide-2026/",2,2,2,0,0,0,0
"2026-03-14","sinotales.com","/destinations/beijing/beijing-hutong-food-guide/",1,1,1,95,1,44,1
"2026-03-14","sinotales.com","/ressources/money-costs/china-travel-cost-guide-2026/",1,1,1,0,0,0,0
"2026-03-14","sinotales.com","/interests/water-towns/wuzhen-vs-tongli-suzhou-water-towns-guide/",2,2,2,190,2,171,2
"2026-03-14","sinotales.com","/destinations/shanghai/where-to-stay-shanghai-first-time-guide/",3,3,3,38,1,4,1
"2026-03-14","sinotales.com","/interests/nature-hiking/chongqing-wulong-karst-day-trip/",1,1,1,32,1,1,1
"2026-03-14","sinotales.com","/destinations/guangxi/yangshuo/cycling-yulong-river-yangshuo-guide/",1,1,1,62,1,126,1
"2026-03-15","sinotales.com","/destinations/guangxi/yangshuo/cycling-yulong-river-yangshuo-guide/",1,1,1,98,1,18,1
"2026-03-15","sinotales.com","/destinations/gansu/china-travel-tips-silk-road-gansu/",1,1,1,100,1,182,1
"2026-03-15","sinotales.com","/ressources/transport/china-laos-railway-guide-kunming-to-luang-prabang/",1,1,2,83,1,123,1
"2026-03-15","sinotales.com","/destinations/beijing/beijing-capital-airport-express-guide/",1,1,1,93,1,113,1
"2026-03-15","sinotales.com","/destinations/shanghai/where-to-stay-shanghai-first-time-guide/",3,3,3,24,1,8,1
"2026-03-15","sinotales.com","/",1,1,1,0,0,0,0
"2026-03-15","sinotales.com","/destinations/gansu/china-travel-tips-qinghai-gansu-loop/",1,1,1,100,1,3,1
"2026-03-16","sinotales.com","/destinations/gansu/china-travel-tips-qinghai-gansu-loop/",1,1,1,0,0,0,0
"2026-03-16","sinotales.com","/ressources/money-costs/china-travel-cost-guide-2026/",1,1,1,32,1,13,1
"2026-03-16","sinotales.com","/interests/nature-hiking/chongqing-wulong-karst-day-trip/",1,1,1,31,1,7,1
"2026-03-16","sinotales.com","/interests/water-towns/wuzhen-vs-tongli-suzhou-water-towns-guide/",1,1,1,9,1,1,1
"2026-03-16","sinotales.com","/ressources/budget-logistics/china-travel-tips-family-budget-cost/",1,1,1,95,1,132,1
"2026-03-16","sinotales.com","/destinations/shenzhen/dapeng-peninsula-hiking-guide/",1,1,1,38,1,2,1
"2026-03-16","sinotales.com","/destinations/harbin/harbin-ice-festival-2025-travel-guide/",1,1,1,35,1,2,1
"2026-03-16","sinotales.com","/ressources/safety/first-time-travel-china-solo-female/",2,2,2,7,1,0,1
"2026-03-17","sinotales.com","/destinations/sichuan/china-travel-tips-western-sichuan-guide/",1,1,1,0,0,0,0
"2026-03-17","sinotales.com","/destinations/shanghai/shanghai-metro-guide-travel-tips/",1,1,1,87,1,53,1
"2026-03-17","sinotales.com","/destinations/",1,1,1,0,0,0,0
"2026-03-17","sinotales.com","/",2,2,2,0,0,0,0
"2026-03-17","sinotales.com","/ressources/apps-tech/china-travel-apps-guide-2026/",1,1,1,0,0,0,0
"2026-03-17","sinotales.com","/destinations/beijing/beijing-hutong-food-guide/",1,1,1,25,1,36,1
"2026-03-17","sinotales.com","/ressources/money-costs/china-travel-cost-guide-2026/",1,1,1,37,1,2,1
"2026-03-17","sinotales.com","/destinations/hangzhou/hiking-meijiawu-tea-village-hangzhou/",1,1,1,40,1,1,1
"2026-03-18","sinotales.com","/ressources/transport/china-laos-railway-guide-kunming-to-luang-prabang/",2,2,3,24,2,21,2
"2026-03-18","sinotales.com","/destinations/tibet/7-day-tibet-itinerary-lhasa-everest/",1,1,1,37,1,3,1
"2026-03-18","sinotales.com","/interests/nature-hiking/chongqing-wulong-karst-day-trip/",1,1,1,86,1,314,1
"2026-03-18","sinotales.com","/interests/culture-history/nanxun-water-town-guide-china/",1,1,1,18,1,4,1
"2026-03-18","sinotales.com","/destinations/hangzhou/hiking-meijiawu-tea-village-hangzhou/",1,1,1,93,1,151,1
"2026-03-18","sinotales.com","/ressources/transport/harbin-to-china-snow-town-guide/",1,1,1,39,1,58,1
"2026-03-18","sinotales.com","/interests/photography/dongchuan-red-land-travel-guide/",2,2,2,0,0,0,0
"2026-03-18","sinotales.com","/ressources/safety/china-travel-tips-safety-apps/",1,1,1,98,1,321,1
"2026-03-18","sinotales.com","/destinations/beijing/beijing-hutong-food-guide/",1,1,1,35,1,1,1
"2026-03-19","sinotales.com","/interests/culture-history/nanxun-water-town-guide-china/",1,1,1,0,0,0,0
"2026-03-19","sinotales.com","/destinations/chongqing/chongqing-metro-guide-travel-tips/",2,2,2,100,1,5,1
"2026-03-19","sinotales.com","/ressources/transport/beijing-shanghai-high-speed-train-guide/",1,1,1,0,0,0,0
"2026-03-19","sinotales.com","/ressources/money-costs/china-travel-cost-guide-2026/",1,1,1,56,1,20,1
"2026-03-19","sinotales.com","/destinations/anhui/china-travel-tips-anhui-tea-trail/",1,1,1,36,1,2,1
"2026-03-19","sinotales.com","/ressources/apps-tech/china-travel-apps-guide-2026/",1,1,1,0,0,0,0
"2026-03-19","sinotales.com","/interests/nature-hiking/fanjingshan-travel-guide-guizhou/",1,1,1,52,1,231,1
"2026-03-19","sinotales.com","/destinations/gansu/china-travel-tips-silk-road-gansu/",1,1,1,0,0,0,0
"2026-03-19","sinotales.com","/destinations/shanghai/shanghai-day-trips-high-speed-rail-guide/",1,1,1,81,1,144,1
"2026-03-19","sinotales.com","/destinations/hainan/hainan-travel-guide-yanoda-wuzhishan-hiking/",1,1,1,39,1,1,1
"2026-03-20","sinotales.com","/ressources/transport/terracotta-warriors-diy-guide-tickets-scams/",1,1,1,48,1,84,1
"2026-03-20","sinotales.com","/destinations/guangdong/guangzhou/guangzhou-food-guide-china-travel-tips/",1,1,1,100,1,135,1
"2026-03-20","sinotales.com","/ressources/apps-tech/china-travel-tips-internet-sim-vpn/",1,1,1,100,1,334,1
"2026-03-20","sinotales.com","/destinations/chengdu/sanxingdui-museum-guide-chengdu/",1,1,1,36,1,5,1
"2026-03-20","sinotales.com","/destinations/hangzhou/hangzhou-west-lake-china-travel-guide/",1,1,1,100,1,6,1
"2026-03-20","sinotales.com","/destinations/beijing/beijing-capital-airport-express-guide/",1,1,1,84,1,361,1
"2026-03-20","sinotales.com","/destinations/jingdezhen/jingdezhen-travel-guide-china/",1,1,1,38,1,2,1
"2026-03-20","sinotales.com","/interests/food-drink/quanzhou-travel-guide-china-tips/",1,1,1,99,1,251,1
"2026-03-20","sinotales.com","/destinations/shanghai/where-to-stay-shanghai-first-time-guide/",2,2,2,38,1,1,1
"2026-03-20","sinotales.com","/ressources/apps-tech/china-travel-apps-guide-2026/",1,1,1,100,1,3,1
"2026-03-21","sinotales.com","/destinations/beijing/beijing-hutong-food-guide/",2,2,3,181,2,211,2
"2026-03-21","sinotales.com","/interests/food-drink/xian-night-market-guide-china/",1,1,1,94,1,84,1
"2026-03-21","sinotales.com","/ressources/apps-tech/china-travel-tips-ordering-coffee/",1,1,1,96,1,146,1
"2026-03-21","sinotales.com","/destinations/chengdu/chengdu-panda-base-guide-china-travel-tips/",1,1,1,0,0,0,0
"2026-03-21","sinotales.com","/ressources/apps-tech/",1,1,1,17,1,6,1
"2026-03-21","sinotales.com","/destinations/chongqing/chongqing-travel-guide-first-time-china/",1,1,1,96,1,97,1
"2026-03-21","sinotales.com","/destinations/beijing/",2,1,5,153,2,43,2
"2026-03-21","sinotales.com","/ressources/transport/harbin-to-china-snow-town-guide/",2,2,2,19,1,14,1
"2026-03-21","sinotales.com","/destinations/beijing/beijing-subway-guide-tips/",1,1,1,95,1,91,1
"2026-03-21","sinotales.com","/",1,1,1,0,0,0,0
"2026-03-21","sinotales.com","/destinations/beijing/beijing-capital-airport-express-guide/",2,2,2,107,2,186,2
"2026-03-21","sinotales.com","/interests/food-drink/quanzhou-travel-guide-china-tips/",2,2,2,196,2,712,2
"2026-03-21","sinotales.com","/interests/nature-hiking/fanjingshan-travel-guide-guizhou/",1,1,1,0,0,0,0
"2026-03-21","sinotales.com","/destinations/beijing/best-great-wall-sections-guide/",1,1,1,89,1,117,1
"2026-03-21","sinotales.com","/destinations/beijing/beijing-hutong-guide-china-travel-tips/",1,1,1,95,1,172,1
"2026-03-21","sinotales.com","/destinations/sichuan/china-travel-tips-western-sichuan-guide/",1,1,1,96,1,220,1
"2026-03-21","sinotales.com","/destinations/chongqing/chongqing-metro-guide-travel-tips/",1,1,1,0,0,0,0
"2026-03-21","sinotales.com","/destinations/chongqing/",1,1,1,80,1,7,1
"2026-03-21","sinotales.com","/ressources/budget-logistics/china-travel-tips-family-budget-cost/",1,1,1,36,1,1,1
"2026-03-21","sinotales.com","/interests/food-drink/xian-muslim-quarter-food-guide/",2,2,2,0,0,0,0
"2026-03-22","sinotales.com","/ressources/transport/xiamen-gulangyu-ferry-guide-foreigners/",1,1,1,100,1,595,1
"2026-03-22","sinotales.com","/destinations/shanghai/where-to-stay-shanghai-first-time-guide/",1,1,1,38,1,63,1
"2026-03-22","sinotales.com","/ressources/apps-tech/china-travel-apps-guide-2026/",4,4,4,54,2,15,2
"2026-03-22","sinotales.com","/interests/food-drink/xian-night-market-guide-china/",3,3,3,70,1,32,1
"2026-03-22","sinotales.com","/destinations/hangzhou/hiking-meijiawu-tea-village-hangzhou/",1,1,1,100,1,5,1
"2026-03-22","sinotales.com","/destinations/beijing/great-wall-china-hiking-guide/",1,1,1,88,1,39,1
"2026-03-22","sinotales.com","/destinations/guangxi/yangshuo/cycling-yulong-river-yangshuo-guide/",1,1,1,86,1,131,1
"2026-03-22","sinotales.com","/destinations/hainan/hainan-travel-guide-yanoda-wuzhishan-hiking/",2,2,2,39,1,2,1
"2026-03-22","sinotales.com","/interests/culture-history/nanxun-water-town-guide-china/",1,1,1,18,1,3,1
"2026-03-22","sinotales.com","/destinations/jingdezhen/jingdezhen-travel-guide-china/",1,1,1,18,1,2,1
"2026-03-22","sinotales.com","/interests/nature-hiking/fanjingshan-travel-guide-guizhou/",1,1,1,0,0,0,0
"2026-03-22","sinotales.com","/interests/water-towns/wuzhen-vs-tongli-suzhou-water-towns-guide/",6,5,6,416,6,438,6
"2026-03-22","sinotales.com","/ressources/budget-logistics/china-travel-tips-family-budget-cost/",1,1,1,0,0,0,0
"2026-03-22","sinotales.com","/interests/food-drink/pingyao-ancient-city-guide/",1,1,1,0,0,0,0
"2026-03-23","sinotales.com","/interests/water-towns/wuzhen-vs-tongli-suzhou-water-towns-guide/",1,1,1,99,1,162,1
"2026-03-23","sinotales.com","/ressources/safety/first-time-travel-china-solo-female/",1,1,1,0,0,0,0
"2026-03-23","sinotales.com","/destinations/shanghai/shanghai-museum-visitor-guide/",1,1,1,0,0,0,0
"2026-03-23","sinotales.com","/destinations/hangzhou/hiking-meijiawu-tea-village-hangzhou/",3,3,5,108,3,282,3
"2026-03-23","sinotales.com","/ressources/transport/harbin-to-china-snow-town-guide/",2,2,2,155,2,238,2
"2026-03-23","sinotales.com","/ressources/budget-logistics/china-trip-cost-budget-2025/",1,1,1,0,0,0,0
"2026-03-23","sinotales.com","/interests/food-drink/china-travel-tips-chinese-new-year-2026/",1,1,1,0,0,0,0
"2026-03-23","sinotales.com","/interests/culture-history/songzanlin-monastery-guide-shangri-la/",2,2,2,78,1,62,1
"2026-03-23","sinotales.com","/destinations/chongqing/chongqing-metro-guide-travel-tips/",1,1,1,72,1,156,1
"2026-03-23","sinotales.com","/destinations/guangxi/yangshuo/cycling-yulong-river-yangshuo-guide/",1,1,1,91,1,84,1
"2026-03-23","sinotales.com","/",2,2,2,39,1,3,1
"2026-03-23","sinotales.com","/ressources/best-time-to-visit/china-travel-tips-festivals-guide/",1,1,1,0,0,0,0
"2026-03-23","sinotales.com","/destinations/guizhou/china-travel-tips-guizhou-guide/",1,1,1,0,0,0,0
"2026-03-23","sinotales.com","/interests/nature-hiking/fanjingshan-travel-guide-guizhou/",1,1,1,100,1,2,1
"2026-03-23","sinotales.com","/tag/pek/",1,1,1,0,0,0,0
"2026-03-23","sinotales.com","/destinations/beijing/beijing-hutong-food-guide/",1,1,1,87,1,5,1
"2026-03-23","sinotales.com","/tag/gansu/",1,1,1,0,0,0,0
"2026-03-24","sinotales.com","/tag/144-hour-visa-free-transit/",1,1,1,0,0,0,0
"2026-03-24","sinotales.com","/destinations/shanghai/where-to-stay-shanghai-first-time-guide/",1,1,1,0,0,0,0
"2026-03-24","sinotales.com","/ressources/money-costs/china-travel-cost-guide-2026/",2,2,2,37,1,4,1
"2026-03-24","sinotales.com","/ressources/visas-permits/",1,1,1,0,0,0,0
"2026-03-24","sinotales.com","/ressources/",1,1,1,0,0,0,0
"2026-03-24","sinotales.com","/destinations/hong-kong/",1,1,1,0,0,0,0
"2026-03-24","sinotales.com","/tag/meijiawu-tea-village/",1,1,1,0,0,0,0
"2026-03-24","sinotales.com","/interests/",1,1,1,0,0,0,0
"2026-03-24","sinotales.com","/tag/zhajiangmian/",1,1,1,0,0,0,0
"2026-03-24","sinotales.com","/destinations/guangxi/yangshuo/cycling-yulong-river-yangshuo-guide/",7,6,7,159,3,84,3
"2026-03-24","sinotales.com","/destinations/beijing/beijing-hutong-food-guide/",2,2,2,18,1,7,1
"2026-03-24","sinotales.com","/tag/beijing-travel/",1,1,1,0,0,0,0
"2026-03-24","sinotales.com","/destinations/",1,1,1,0,0,0,0
"2026-03-24","sinotales.com","/destinations/tibet/",1,1,1,0,0,0,0
"2026-03-24","sinotales.com","/destinations/shanghai/shanghai-french-concession-walking-guide/",1,1,1,100,1,1,1
"2026-03-24","sinotales.com","/",1,1,1,0,0,0,0
"2026-03-24","sinotales.com","/destinations/hainan/hainan-travel-guide-yanoda-wuzhishan-hiking/",1,1,1,0,0,0,0
"2026-03-24","sinotales.com","/tag/wechat-pay/",1,1,1,0,0,0,0
"2026-03-24","sinotales.com","/destinations/yunnan/yunnan-mushroom-hotpot-guide-china/",2,2,2,0,0,0,0
"2026-03-24","sinotales.com","/interests/culture-history/suzhou-gardens-guide-china-travel-tips/",1,1,1,0,0,0,0
"2026-03-24","sinotales.com","/ressources/transport/terracotta-warriors-diy-guide-tickets-scams/",1,1,1,41,1,4,1
"2026-03-24","sinotales.com","/destinations/sichuan/",1,1,1,0,0,0,0
"2026-03-25","sinotales.com","/destinations/yunnan/yunnan-travel-guide-kunming-dali-lijiang/",1,1,1,98,1,176,1
"2026-03-25","sinotales.com","/tag/alipay/",1,1,1,0,0,0,0
"2026-03-25","sinotales.com","/tag/great-firewall/",1,1,1,0,0,0,0
"2026-03-25","sinotales.com","/interests/food-drink/quanzhou-travel-guide-china-tips/",1,1,1,95,1,64,1
"2026-03-25","sinotales.com","/interests/nature-hiking/fanjingshan-travel-guide-guizhou/",1,1,1,93,1,292,1
"2026-03-25","sinotales.com","/tag/wechat/",1,1,1,0,0,0,0
"2026-03-25","sinotales.com","/interests/culture-history/",1,1,1,0,0,0,0
"2026-03-25","sinotales.com","/ressources/apps-tech/",1,1,1,0,0,0,0
"2026-03-25","sinotales.com","/tag/hutong-street-food/",1,1,1,0,0,0,0
"2026-03-25","sinotales.com","/tag/didi-chuxing/",1,1,1,0,0,0,0
"2026-03-25","sinotales.com","/destinations/beijing/",1,1,1,0,0,0,0
"2026-03-25","sinotales.com","/destinations/shenzhen/dapeng-peninsula-hiking-guide/",1,1,1,90,1,83,1
"2026-03-25","sinotales.com","/ressources/best-time-to-visit/",1,1,1,0,0,0,0
"2026-03-25","sinotales.com","/destinations/fujian/quanzhou/",1,1,1,86,1,39,1
"2026-03-25","sinotales.com","/tag/china-travel-tips/",1,1,1,0,0,0,0
"2026-03-25","sinotales.com","/destinations/sichuan/chengdu-day-trips-leshan-emei/",1,1,1,100,1,2,1
"2026-03-25","sinotales.com","/tag/longjing-tea/",1,1,1,0,0,0,0
"2026-03-25","sinotales.com","/destinations/guangxi/yangshuo/cycling-yulong-river-yangshuo-guide/",1,1,1,85,1,37,1
"2026-03-25","sinotales.com","/destinations/xian/",1,1,1,0,0,0,0
"2026-03-25","sinotales.com","/tag/tibet-travel-permit/",1,1,1,0,0,0,0
"2026-03-25","sinotales.com","/tag/altitude-sickness/",1,1,1,0,0,0,0
"2026-03-25","sinotales.com","/destinations/beijing/beijing-hutong-food-guide/",4,3,5,199,4,97,4
"2026-03-25","sinotales.com","/tag/alipay-guide/",1,1,1,0,0,0,0
"2026-03-25","sinotales.com","/destinations/shanghai/",1,1,1,0,0,0,0
"2026-03-25","sinotales.com","/tag/apple-maps-china/",1,1,1,0,0,0,0
"2026-03-25","sinotales.com","/destinations/chengdu/chengdu-metro-guide-tourist-tips/",1,1,1,0,0,0,0
"2026-03-25","sinotales.com","/tag/west-lake/",1,1,1,0,0,0,0
"2026-03-25","sinotales.com","/destinations/hangzhou/hiking-meijiawu-tea-village-hangzhou/",1,1,1,89,1,7,1
"2026-03-25","sinotales.com","/privacy-policy/",1,1,1,0,0,0,0
"2026-03-25","sinotales.com","/tag/hangzhou/",1,1,1,0,0,0,0
"2026-03-25","sinotales.com","/interests/nature-hiking/hua-shan-hiking-guide-china/",1,1,1,100,1,4,1
"2026-03-25","sinotales.com","/destinations/xinjiang/",1,1,1,0,0,0,0
"2026-03-25","sinotales.com","/ressources/safety/first-time-travel-china-solo-female/",1,1,1,0,0,0,0
"2026-03-25","sinotales.com","/destinations/chongqing/",1,1,1,0,0,0,0
"2026-03-25","sinotales.com","/tag/china-travel-2025/",1,1,1,0,0,0,0
"2026-03-26","sinotales.com","/destinations/chengdu/chengdu-panda-volunteer-guide/",1,1,1,86,1,51,1
"2026-03-26","sinotales.com","/tag/everest-base-camp/",1,1,1,0,0,0,0
"2026-03-26","sinotales.com","/tag/jiangxi-travel/",1,1,1,0,0,0,0
"2026-03-26","sinotales.com","/interests/culture-history/suzhou-gardens-guide-china-travel-tips/",2,2,2,118,2,233,2
"2026-03-26","sinotales.com","/tag/taoxichuan-art-avenue/",1,1,1,100,1,2,1
"2026-03-26","sinotales.com","/contact/",1,1,1,0,0,0,0
"2026-03-26","sinotales.com","/blog/",1,1,1,0,0,0,0
"2026-03-26","sinotales.com","/destinations/chongqing/chongqing-metro-guide-travel-tips/",1,1,1,0,0,0,0
"2026-03-26","sinotales.com","/destinations/hainan/",1,1,1,0,0,0,0
"2026-03-26","sinotales.com","/tag/potala-palace/",1,1,1,0,0,0,0
"2026-03-26","sinotales.com","/destinations/tibet/7-day-tibet-itinerary-lhasa-everest/",1,1,1,0,0,0,0
"2026-03-26","sinotales.com","/tag/trip-com/",1,1,1,0,0,0,0
"2026-03-26","sinotales.com","/destinations/shenzhen/",1,1,1,0,0,0,0
"2026-03-26","sinotales.com","/tag/sanya/",1,1,1,0,0,0,0
"2026-03-26","sinotales.com","/destinations/gansu/china-travel-tips-qinghai-gansu-loop/",2,2,2,131,2,24,2
"2026-03-26","sinotales.com","/tag/tibet-travel/",1,1,1,0,0,0,0
"2026-03-26","sinotales.com","/tag/hiking-china/",1,1,1,0,0,0,0
"2026-03-26","sinotales.com","/",1,1,1,18,1,3,1
"2026-03-26","sinotales.com","/destinations/yunnan/",1,1,1,0,0,0,0
"2026-03-26","sinotales.com","/tag/shigatse/",1,1,1,0,0,0,0
"2026-03-26","sinotales.com","/tag/jingdezhen/",1,1,1,0,0,0,0
"2026-03-26","sinotales.com","/ressources/transport/xiamen-gulangyu-ferry-guide-foreigners/",1,1,1,0,0,0,0
"2026-03-26","sinotales.com","/tag/pingyao-ancient-city/",1,1,1,0,0,0,0
"2026-03-26","sinotales.com","/destinations/yunnan/yunnan-mushroom-hotpot-guide-china/",1,1,1,100,1,8,1
"2026-03-26","sinotales.com","/ressources/budget-logistics/",1,1,1,0,0,0,0
"2026-03-26","sinotales.com","/tag/lhasa/",1,1,1,0,0,0,0
"2026-03-26","sinotales.com","/ressources/transport/beijing-shanghai-high-speed-train-guide/",1,1,1,29,1,58,1
"2026-03-26","sinotales.com","/tag/sanbao-international-ceramic-valley/",1,1,1,0,0,0,0
"2026-03-26","sinotales.com","/tag/courtyard-hotels/",1,1,1,0,0,0,0
"2026-03-26","sinotales.com","/tag/china-esim/",1,1,1,0,0,0,0
"2026-03-26","sinotales.com","/ressources/transport/harbin-to-china-snow-town-guide/",1,1,1,92,1,234,1
"2026-03-26","sinotales.com","/tag/china-travel-2026/",1,1,1,0,0,0,0
"2026-03-26","sinotales.com","/tag/china-high-speed-train/",1,1,1,0,0,0,0
"2026-03-26","sinotales.com","/ressources/accommodation/unique-stays-china-boutique-hotels-guide/",1,1,1,0,0,0,0
"2026-03-26","sinotales.com","/destinations/guangxi/yangshuo/cycling-yulong-river-yangshuo-guide/",2,2,2,196,2,323,2
"2026-03-26","sinotales.com","/destinations/chengdu/",1,1,1,0,0,0,0
"2026-03-26","sinotales.com","/destinations/shanghai/where-to-stay-shanghai-first-time-guide/",1,1,1,74,1,44,1
"2026-03-26","sinotales.com","/ressources/transport/",1,1,1,0,0,0,0
"2026-03-26","sinotales.com","/tag/yanoda-rainforest/",1,1,1,0,0,0,0
"2026-03-26","sinotales.com","/tag/imperial-kiln-museum/",1,1,1,0,0,0,0
"2026-03-26","sinotales.com","/ressources/apps-tech/china-travel-tips-ordering-coffee/",1,1,1,82,1,171,1
"2026-03-26","sinotales.com","/tag/local-eats/",1,1,1,0,0,0,0
"2026-03-27","sinotales.com","/tag/pingyao-food/",1,1,1,0,0,0,0
"2026-03-27","sinotales.com","/destinations/chongqing/chongqing-metro-guide-travel-tips/",1,1,1,30,1,56,1
"2026-03-27","sinotales.com","/tag/family-travel-budget/",1,1,1,0,0,0,0
"2026-03-27","sinotales.com","/interests/nature-hiking/chongqing-wulong-karst-day-trip/",1,1,1,0,0,0,0
"2026-03-27","sinotales.com","/tag/china-visa-free/",1,1,1,0,0,0,0
"2026-03-27","sinotales.com","/tag/wuzhishan/",1,1,1,0,0,0,0
"2026-03-27","sinotales.com","/tag/wang-family-compound/",1,1,1,0,0,0,0
"2026-03-27","sinotales.com","/destinations/jingdezhen/jingdezhen-travel-guide-china/",2,2,2,36,2,5,2
"2026-03-27","sinotales.com","/tag/beijing/",1,1,1,0,0,0,0
"2026-03-27","sinotales.com","/tag/tropical-rainforest-national-park/",1,1,1,0,0,0,0
"2026-03-27","sinotales.com","/",1,1,2,0,0,0,0
"2026-03-27","sinotales.com","/tag/hainan/",1,1,1,0,0,0,0
"2026-03-27","sinotales.com","/interests/food-drink/xian-muslim-quarter-food-guide/",1,1,1,0,0,0,0
"2026-03-27","sinotales.com","/tag/leifeng-pagoda/",1,1,1,0,0,0,0
"2026-03-27","sinotales.com","/ressources/transport/xiamen-gulangyu-ferry-guide-foreigners/",3,3,3,103,2,57,2
"2026-03-27","sinotales.com","/ressources/transport/china-high-speed-train-guide-booking-tips/",2,2,2,0,0,0,0
"2026-03-27","sinotales.com","/destinations/beijing/beijing-capital-airport-express-guide/",1,1,1,92,1,235,1
"2026-03-27","sinotales.com","/tag/ceramic-art/",1,1,1,0,0,0,0
"2026-03-27","sinotales.com","/tag/shanghai/",1,1,1,0,0,0,0
"2026-03-27","sinotales.com","/destinations/jingdezhen/",1,1,1,0,0,0,0
"2026-03-27","sinotales.com","/destinations/yunnan/yunnan-travel-guide-kunming-dali-lijiang/",1,1,1,0,0,0,0
"2026-03-27","sinotales.com","/tag/high-speed-train/",1,1,1,0,0,0,0
"2026-03-27","sinotales.com","/interests/food-drink/",1,1,1,0,0,0,0
"2026-03-27","sinotales.com","/destinations/chengdu/chengdu-panda-volunteer-guide/",2,2,2,90,1,141,1
"2026-03-28","sinotales.com","/interests/food-drink/xian-muslim-quarter-food-guide/",1,1,1,95,1,21,1
"2026-03-28","sinotales.com","/destinations/shanghai/shanghai-french-concession-walking-guide/",1,1,1,93,1,443,1
"2026-03-28","sinotales.com","/interests/water-towns/wuzhen-vs-tongli-suzhou-water-towns-guide/",1,1,1,92,1,111,1
"2026-03-28","sinotales.com","/destinations/beijing/beijing-craft-beer-guide-hutongs/",1,1,1,72,1,48,1
"2026-03-28","sinotales.com","/ressources/transport/china-laos-railway-guide-kunming-to-luang-prabang/",2,2,2,0,0,0,0
"2026-03-28","sinotales.com","/tag/shanxi-province/",1,1,1,0,0,0,0
"2026-03-28","sinotales.com","/ressources/transport/xiamen-gulangyu-ferry-guide-foreigners/",2,2,2,0,0,0,0
"2026-03-28","sinotales.com","/ressources/transport/beijing-to-shanghai-train-vs-flight/",1,1,1,0,0,0,0
"2026-03-28","sinotales.com","/tag/rishengchang-bank/",1,1,1,0,0,0,0
"2026-03-28","sinotales.com","/tag/esim/",1,1,1,0,0,0,0
"2026-03-28","sinotales.com","/tag/china-hiking/",1,1,1,0,0,0,0
"2026-03-28","sinotales.com","/ressources/money-costs/china-travel-cost-guide-2026/",1,1,1,0,0,0,0
"2026-03-28","sinotales.com","/destinations/beijing/beijing-hutong-food-guide/",1,1,1,89,1,3,1
"2026-03-28","sinotales.com","/destinations/anhui/china-travel-tips-anhui-tea-trail/",1,1,1,36,1,2,1
"2026-03-28","sinotales.com","/ressources/apps-tech/china-travel-apps-guide-2026/",1,1,1,0,0,0,0
"2026-03-28","sinotales.com","/interests/food-drink/xian-night-market-guide-china/",1,1,1,78,1,51,1
"2026-03-28","sinotales.com","/destinations/chongqing/chongqing-metro-guide-travel-tips/",5,4,5,0,0,0,0
"2026-03-28","sinotales.com","/destinations/guangxi/yangshuo/cycling-yulong-river-yangshuo-guide/",1,1,2,94,1,299,1
"2026-03-28","sinotales.com","/tag/fanjingshan/",1,1,1,0,0,0,0
"2026-03-29","sinotales.com","/destinations/chengdu/china-travel-tips-chengdu-food-guide/",1,1,1,59,1,65,1
"2026-03-29","sinotales.com","/ressources/transport/beijing-shanghai-high-speed-train-guide/",1,1,1,0,0,0,0
"2026-03-29","sinotales.com","/destinations/beijing/beijing-hutong-food-guide/",1,1,1,89,1,2,1
"2026-03-29","sinotales.com","/ressources/apps-tech/china-travel-apps-guide-2026/",1,1,1,0,0,0,0
"2026-03-29","sinotales.com","/interests/food-drink/xian-night-market-guide-china/",1,1,1,57,1,53,1
"2026-03-29","sinotales.com","/tag/jiangkou/",1,1,1,0,0,0,0
"2026-03-29","sinotales.com","/ressources/money-costs/china-travel-cost-guide-2026/",2,2,4,183,2,464,2
"2026-03-29","sinotales.com","/destinations/zhangjiajie/china-travel-tips-zhangjiajie-gates-2026/",1,1,2,58,1,28,1
"2026-03-29","sinotales.com","/destinations/beijing/beijing-capital-airport-express-guide/",1,1,1,90,1,92,1
"2026-03-29","sinotales.com","/destinations/chengdu/chengdu-metro-guide-tourist-tips/",1,1,1,19,1,5,1
"2026-03-29","sinotales.com","/",3,3,3,57,3,22,3
"2026-03-29","sinotales.com","/destinations/jingdezhen/jingdezhen-travel-guide-china/",2,2,2,38,1,6,1
"2026-03-29","sinotales.com","/destinations/chengdu/",1,1,1,55,1,19,1
"2026-03-29","sinotales.com","/destinations/shanghai/shanghai-day-trips-high-speed-rail-guide/",1,1,1,18,1,65,1
"2026-03-29","sinotales.com","/tag/zhaisha-dong-village/",1,1,1,0,0,0,0
"2026-03-29","sinotales.com","/interests/nature-hiking/fanjingshan-travel-guide-guizhou/",1,1,1,15,1,11,1
"2026-03-29","sinotales.com","/destinations/shanghai/shanghai-french-concession-walking-guide/",1,1,1,81,1,86,1
"2026-03-29","sinotales.com","/tag/china-travel-2026/",1,1,1,29,1,10,1
"2026-03-29","sinotales.com","/destinations/sichuan/china-travel-tips-western-sichuan-guide/",1,1,1,0,0,0,0
"2026-03-29","sinotales.com","/tag/plank-walk-in-the-sky/",1,1,1,0,0,0,0
"2026-03-30","sinotales.com","/ressources/safety/first-time-travel-china-solo-female/",1,1,1,34,1,1,1
"2026-03-30","sinotales.com","/destinations/tibet/tibet-train-travel-guide/",1,1,1,37,1,2,1
"2026-03-30","sinotales.com","/destinations/hangzhou/hiking-meijiawu-tea-village-hangzhou/",1,1,1,59,1,46,1
"2026-03-30","sinotales.com","/tag/dujiangyan-panda-base/",1,1,1,0,0,0,0
"2026-03-30","sinotales.com","/tag/suji-ancient-town/",1,1,1,0,0,0,0
"2026-03-30","sinotales.com","/tag/sichuan-travel/",1,1,1,0,0,0,0
"2026-03-30","sinotales.com","/destinations/beijing/beijing-capital-airport-express-guide/",3,3,3,237,3,880,3
"2026-03-30","sinotales.com","/destinations/beijing/beijing-hutong-food-guide/",1,1,1,72,1,1,1
"2026-03-30","sinotales.com","/ressources/transport/xiamen-gulangyu-ferry-guide-foreigners/",2,2,2,130,2,492,2
"2026-03-30","sinotales.com","/ressources/apps-tech/china-travel-apps-guide-2026/",1,1,1,0,0,0,0
"2026-03-30","sinotales.com","/destinations/chengdu/sanxingdui-museum-guide-chengdu/",2,2,2,38,1,5,1
"2026-03-30","sinotales.com","/tag/mount-emei/",1,1,1,0,0,0,0
"2026-03-30","sinotales.com","/tag/hua-shan/",1,1,1,0,0,0,0
"2026-03-30","sinotales.com","/destinations/hainan/hainan-coastal-highway-road-trip-itinerary/",1,1,1,0,0,0,0
"2026-03-30","sinotales.com","/tag/leshan-giant-buddha/",1,1,1,0,0,0,0
"2026-03-30","sinotales.com","/ressources/money-costs/china-travel-cost-guide-2026/",1,1,1,0,0,0,0
"2026-03-30","sinotales.com","/tag/chengdu/",1,1,1,0,0,0,0
"2026-03-30","sinotales.com","/interests/food-drink/",1,1,1,0,0,0,0
"2026-03-30","sinotales.com","/tag/shaanxi/",1,1,1,0,0,0,0
"2026-03-30","sinotales.com","/tag/china-high-speed-rail/",1,1,1,0,0,0,0
"2026-03-30","sinotales.com","/tag/high-speed-rail-china/",1,1,1,0,0,0,0
"2026-03-30","sinotales.com","/",3,3,4,35,1,1,1
"2026-03-30","sinotales.com","/interests/water-towns/wuzhen-vs-tongli-suzhou-water-towns-guide/",3,3,3,55,3,32,3
"2026-03-30","sinotales.com","/ressources/budget-logistics/china-travel-tips-family-budget-cost/",1,1,1,0,0,0,0
"2026-03-30","sinotales.com","/destinations/shanghai/shanghai-day-trips-high-speed-rail-guide/",2,2,2,87,2,191,2
"2026-03-30","sinotales.com","/tag/red-clouds-golden-summit/",1,1,1,0,0,0,0
"2026-03-30","sinotales.com","/tag/china-budget-travel/",1,1,1,0,0,0,0
"2026-03-30","sinotales.com","/ressources/transport/china-laos-railway-guide-kunming-to-luang-prabang/",1,1,1,0,0,0,0
"2026-03-30","sinotales.com","/interests/nature-hiking/fanjingshan-travel-guide-guizhou/",2,2,3,196,2,264,2
"2026-03-30","sinotales.com","/destinations/yunnan/kunming/kunming-travel-guide-china-itinerary/",1,1,1,38,1,2,1
"2026-03-30","sinotales.com","/destinations/jingdezhen/jingdezhen-travel-guide-china/",1,1,1,18,1,3,1
"2026-03-30","sinotales.com","/destinations/xinjiang/china-travel-tips-xinjiang-road-trip-2026/",1,1,1,77,1,107,1
"2026-03-30","sinotales.com","/tag/tongren/",1,1,1,0,0,0,0
"2026-03-31","sinotales.com","/destinations/beijing/beijing-capital-airport-express-guide/",3,3,3,84,1,138,1
"2026-03-31","sinotales.com","/ressources/transport/beijing-to-shanghai-train-vs-flight/",1,1,1,90,1,135,1
"2026-03-31","sinotales.com","/ressources/transport/xiamen-gulangyu-ferry-guide-foreigners/",1,1,1,18,1,14,1
"2026-03-31","sinotales.com","/tag/13-year/",1,1,1,0,0,0,0
"2026-03-31","sinotales.com","/destinations/chengdu/sanxingdui-museum-guide-chengdu/",1,1,1,83,1,162,1
"2026-03-31","sinotales.com","/destinations/zhangjiajie/zhangjiajie-to-fenghuang-travel-guide/",1,1,1,95,1,92,1
"2026-03-31","sinotales.com","/destinations/hainan/hainan-travel-guide-yanoda-wuzhishan-hiking/",2,2,2,39,1,1,1
"2026-03-31","sinotales.com","/ressources/apps-tech/china-travel-tips-hema-freshippo-guide-2026/",1,1,2,95,1,234,1
"2026-03-31","sinotales.com","/tag/144-hour-visa-free-transit/",1,1,1,33,1,6,1
"2026-03-31","sinotales.com","/",2,2,2,80,1,5,1
"2026-03-31","sinotales.com","/tag/xian-travel/",1,1,1,0,0,0,0
"2026-03-31","sinotales.com","/ressources/budget-logistics/china-travel-tips-family-budget-cost/",1,1,1,17,1,2,1
"2026-03-31","sinotales.com","/tag/guizhou-travel/",1,1,1,0,0,0,0
"2026-03-31","sinotales.com","/destinations/zhangjiajie/china-travel-tips-zhangjiajie-gates-2026/",1,1,2,96,1,537,1
"2026-03-31","sinotales.com","/destinations/shanghai/where-to-stay-shanghai-first-time-guide/",3,3,3,15,1,23,1
"2026-03-31","sinotales.com","/ressources/money-costs/china-travel-cost-guide-2026/",1,1,1,9,1,0,1
"2026-03-31","sinotales.com","/destinations/xian/xian-3-day-itinerary-travel-tips/",2,2,2,38,1,1,1
"2026-03-31","sinotales.com","/ressources/transport/china-high-speed-rail-guide/",1,1,1,93,1,164,1
"2026-03-31","sinotales.com","/destinations/beijing/beijing-hutong-food-guide/",1,1,1,43,1,2,1
"2026-03-31","sinotales.com","/destinations/zhangjiajie/zhangjiajie-travel-guide-first-time-china/",1,1,1,97,1,130,1
"2026-04-01","sinotales.com","/tag/high-speed-rail/",1,1,1,0,0,0,0
"2026-04-01","sinotales.com","/ressources/transport/china-laos-railway-guide-kunming-to-luang-prabang/",1,1,1,85,1,187,1
"2026-04-01","sinotales.com","/interests/food-drink/xian-night-market-guide-china/",1,1,1,73,1,96,1
"2026-04-01","sinotales.com","/ressources/transport/air-travel/china-travel-tips-airport-transfer-2026/",1,1,1,0,0,0,0
"2026-04-01","sinotales.com","/ressources/apps-tech/china-travel-apps-guide-2026/",1,1,1,0,0,0,0
"2026-04-01","sinotales.com","/destinations/guangxi/yangshuo/cycling-yulong-river-yangshuo-guide/",1,1,1,7,1,6,1
"2026-04-01","sinotales.com","/destinations/tibet/",1,1,1,93,1,35,1
"2026-04-01","sinotales.com","/interests/culture-history/songzanlin-monastery-guide-shangri-la/",1,1,1,82,1,534,1
"2026-04-01","sinotales.com","/tag/maritime-silk-road/",1,1,1,0,0,0,0
"2026-04-01","sinotales.com","/destinations/zhangjiajie/china-travel-tips-zhangjiajie-gates-2026/",1,1,1,0,0,0,0
"2026-04-01","sinotales.com","/tag/gaotie/",1,1,1,0,0,0,0
"2026-04-01","sinotales.com","/destinations/shanghai/shanghai-metro-guide-travel-tips/",1,1,1,0,0,0,0
"2026-04-01","sinotales.com","/interests/nature-hiking/fanjingshan-travel-guide-guizhou/",1,1,5,100,1,831,1
"2026-04-01","sinotales.com","/tag/muslim-quarter/",1,1,1,0,0,0,0
"2026-04-01","sinotales.com","/interests/nature-hiking/hua-shan-hiking-guide-china/",1,1,2,92,1,67,1
"2026-04-01","sinotales.com","/tag/great-leap-brewing/",1,1,1,0,0,0,0
"2026-04-01","sinotales.com","/destinations/sichuan/",1,1,1,100,1,18,1
"2026-04-01","sinotales.com","/ressources/money-costs/china-travel-cost-guide-2026/",1,1,1,100,1,7,1
"2026-04-01","sinotales.com","/destinations/chengdu/chengdu-metro-guide-tourist-tips/",1,1,1,81,1,48,1
"2026-04-01","sinotales.com","/tag/public-transportation/",1,1,1,0,0,0,0
"2026-04-01","sinotales.com","/destinations/chengdu/",1,1,2,100,1,36,1
"2026-04-01","sinotales.com","/ressources/transport/xiamen-gulangyu-ferry-guide-foreigners/",1,1,1,0,0,0,0
"2026-04-01","sinotales.com","/tag/yongxing-fang/",1,1,1,0,0,0,0
"2026-04-01","sinotales.com","/interests/water-towns/wuzhen-vs-tongli-suzhou-water-towns-guide/",1,1,1,99,1,85,1
"2026-04-01","sinotales.com","/destinations/shanghai/shanghai-french-concession-walking-guide/",6,3,7,396,6,637,6
"2026-04-01","sinotales.com","/",1,1,1,93,1,33,1
"2026-04-01","sinotales.com","/destinations/",1,1,1,12,1,28,1
"2026-04-01","sinotales.com","/tag/travel-apps/",1,1,1,0,0,0,0
"2026-04-01","sinotales.com","/contact/",1,1,1,100,1,50,1
"2026-04-01","sinotales.com","/tag/guizhou-travel/",1,1,1,79,1,5,1
"2026-04-01","sinotales.com","/ressources/apps-tech/china-travel-tips-hema-freshippo-guide-2026/",1,1,1,0,0,0,0
"2026-04-02","sinotales.com","/ressources/apps-tech/china-travel-tips-hema-freshippo-guide-2026/",1,1,1,100,1,8,1
"2026-04-02","sinotales.com","/tag/apple-maps-china/",1,1,1,84,1,6,1
"2026-04-02","sinotales.com","/tag/beijing-to-shanghai/",1,1,1,0,0,0,0
"2026-04-02","sinotales.com","/tag/vientiane/",1,1,1,0,0,0,0
"2026-04-02","sinotales.com","/destinations/shenzhen/dapeng-peninsula-hiking-guide/",2,1,2,26,2,20,2
"2026-04-02","sinotales.com","/destinations/shanghai/shanghai-french-concession-walking-guide/",3,3,3,175,2,1305,2
"2026-04-02","sinotales.com","/tag/lcr-ticket-app/",1,1,1,0,0,0,0
"2026-04-02","sinotales.com","/ressources/transport/terracotta-warriors-diy-guide-tickets-scams/",1,1,1,99,1,495,1
"2026-04-02","sinotales.com","/destinations/guangxi/4-day-guilin-yangshuo-itinerary/",1,1,2,100,1,113,1
"2026-04-02","sinotales.com","/tag/12306-app/",1,1,1,0,0,0,0
"2026-04-02","sinotales.com","/interests/nature-hiking/fanjingshan-travel-guide-guizhou/",1,1,1,100,1,91,1
"2026-04-02","sinotales.com","/tag/12306/",1,1,1,0,0,0,0
"2026-04-02","sinotales.com","/destinations/beijing/beijing-capital-airport-express-guide/",1,1,1,7,1,3,1
"2026-04-02","sinotales.com","/destinations/shanghai/where-to-stay-shanghai-first-time-guide/",1,1,1,8,1,0,1
"2026-04-02","sinotales.com","/tag/d887-train/",1,1,1,0,0,0,0
"2026-04-02","sinotales.com","/ressources/transport/beijing-shanghai-high-speed-train-guide/",1,1,1,100,1,201,1
"2026-04-02","sinotales.com","/interests/food-drink/xian-night-market-guide-china/",1,1,1,0,0,0,0
"2026-04-02","sinotales.com","/destinations/beijing/beijing-hutong-food-guide/",1,1,1,85,1,54,1
"2026-04-03","sinotales.com","/ressources/transport/china-high-speed-train-guide-booking-tips/",1,1,1,0,0,0,0
"2026-04-03","sinotales.com","/interests/nature-hiking/fanjingshan-travel-guide-guizhou/",1,1,1,15,1,2,1
"2026-04-03","sinotales.com","/interests/food-drink/xian-muslim-quarter-food-guide/",1,1,1,13,1,6,1
"2026-04-03","sinotales.com","/destinations/xinjiang/china-travel-tips-xinjiang-road-trip-2026/",2,2,2,100,1,71,1
"2026-04-03","sinotales.com","/",6,6,6,64,3,41,3
"2026-04-03","sinotales.com","/interests/food-drink/pingyao-ancient-city-guide/",1,1,1,8,1,2,1
"2026-04-03","sinotales.com","/destinations/gansu/china-travel-tips-qinghai-gansu-loop/",3,3,3,76,2,5,2
"2026-04-03","sinotales.com","/destinations/shenzhen/dapeng-peninsula-hiking-guide/",1,1,1,80,1,179,1
"2026-04-03","sinotales.com","/interests/water-towns/wuzhen-vs-tongli-suzhou-water-towns-guide/",1,1,1,100,1,280,1
"2026-04-03","sinotales.com","/tag/china-laos-railway/",1,1,1,0,0,0,0
"2026-04-03","sinotales.com","/destinations/shanghai/where-to-stay-shanghai-first-time-guide/",2,2,2,38,1,1,1
"2026-04-03","sinotales.com","/destinations/",2,2,2,14,1,17,1
"2026-04-03","sinotales.com","/destinations/hangzhou/hiking-meijiawu-tea-village-hangzhou/",1,1,1,83,1,480,1
"2026-04-03","sinotales.com","/ressources/transport/harbin-to-china-snow-town-guide/",1,1,1,0,0,0,0
"2026-04-03","sinotales.com","/ressources/transport/xiamen-gulangyu-ferry-guide-foreigners/",2,2,2,45,1,321,1
"2026-04-03","sinotales.com","/destinations/beijing/beijing-capital-airport-express-guide/",1,1,1,17,1,1200,1
"2026-04-03","sinotales.com","/ressources/transport/beijing-shanghai-high-speed-train-guide/",1,1,1,46,1,72,1
"2026-04-03","sinotales.com","/blog/",2,2,2,14,1,48,1
"2026-04-03","sinotales.com","/interests/food-drink/xian-night-market-guide-china/",3,3,3,198,3,221,3
"2026-04-03","sinotales.com","/ressources/apps-tech/china-travel-apps-guide-2026/",1,1,1,0,0,0,0
"2026-04-03","sinotales.com","/destinations/guangxi/yangshuo/cycling-yulong-river-yangshuo-guide/",1,1,1,0,0,0,0
"2026-04-03","sinotales.com","/tag/laos-visa/",1,1,1,0,0,0,0
"2026-04-03","sinotales.com","/destinations/beijing/beijing-hutong-food-guide/",1,1,1,31,1,77,1
"2026-04-04","sinotales.com","/interests/food-drink/xian-night-market-guide-china/",1,1,1,0,0,0,0
"2026-04-04","sinotales.com","/interests/culture-history/songzanlin-monastery-guide-shangri-la/",1,1,1,100,1,76,1
"2026-04-04","sinotales.com","/destinations/hong-kong/china-travel-tips-dragons-back-hong-kong-2026/",1,1,1,0,0,0,0
"2026-04-04","sinotales.com","/tag/ancient-shu-kingdom/",1,1,1,0,0,0,0
"2026-04-04","sinotales.com","/interests/nature-hiking/fanjingshan-travel-guide-guizhou/",1,1,1,0,0,0,0
"2026-04-04","sinotales.com","/tag/chengdu-travel/",1,1,1,0,0,0,0
"2026-04-04","sinotales.com","/tag/sanxingdui-museum/",1,1,1,0,0,0,0
"2026-04-04","sinotales.com","/tag/144-hour-visa-free/",1,1,1,0,0,0,0
"2026-04-04","sinotales.com","/tag/sichuan-province/",1,1,1,0,0,0,0
"2026-04-04","sinotales.com","/destinations/zhangjiajie/china-travel-tips-zhangjiajie-gates-2026/",1,1,1,0,0,0,0
"2026-04-04","sinotales.com","/ressources/transport/xiamen-gulangyu-ferry-guide-foreigners/",4,4,4,172,2,104,2
"2026-04-04","sinotales.com","/destinations/beijing/beijing-capital-airport-express-guide/",1,1,1,48,1,130,1
"2026-04-04","sinotales.com","/destinations/hangzhou/hangzhou-west-lake-china-travel-guide/",1,1,1,0,0,0,0
"2026-04-04","sinotales.com","/ressources/apps-tech/china-travel-tips-hema-freshippo-guide-2026/",2,2,2,81,1,8,1
"2026-04-04","sinotales.com","/destinations/yunnan/yunnan-mushroom-hotpot-guide-china/",1,1,1,0,0,0,0
"2026-04-04","sinotales.com","/interests/food-drink/xian-muslim-quarter-food-guide/",1,1,1,0,0,0,0
"2026-04-04","sinotales.com","/ressources/transport/harbin-to-china-snow-town-guide/",1,1,1,82,1,13,1
"2026-04-05","sinotales.com","/tag/shaanxi-history-museum/",1,1,1,0,0,0,0
"2026-04-05","sinotales.com","/destinations/yunnan/yunnan-mushroom-hotpot-guide-china/",1,1,1,82,1,3,1
"2026-04-05","sinotales.com","/destinations/shanghai/shanghai-day-trips-high-speed-rail-guide/",1,1,1,76,1,49,1
"2026-04-05","sinotales.com","/ressources/budget-logistics/china-travel-tips-family-budget-cost/",1,1,1,17,1,3,1
"2026-04-05","sinotales.com","/destinations/chengdu/sanxingdui-museum-guide-chengdu/",1,1,1,85,1,139,1
"2026-04-05","sinotales.com","/destinations/yunnan/yunnan-travel-guide-kunming-dali-lijiang/",1,1,1,11,1,11,1
"2026-04-05","sinotales.com","/destinations/beijing/beijing-capital-airport-express-guide/",2,2,2,62,2,75,2
"2026-04-05","sinotales.com","/ressources/transport/xiamen-gulangyu-ferry-guide-foreigners/",2,2,2,0,0,0,0
"2026-04-05","sinotales.com","/tag/wechat-booking/",1,1,1,0,0,0,0
"2026-04-05","sinotales.com","/destinations/beijing/beijing-craft-beer-guide-hutongs/",1,1,1,96,1,969,1
"2026-04-05","sinotales.com","/destinations/chengdu/chengdu-panda-volunteer-guide/",1,1,1,0,0,0,0
"2026-04-05","sinotales.com","/destinations/shanghai/shanghai-museum-visitor-guide/",1,1,1,84,1,21,1
"2026-04-05","sinotales.com","/ressources/apps-tech/china-travel-tips-hema-freshippo-guide-2026/",1,1,1,100,1,8,1
"2026-04-05","sinotales.com","/interests/itineraries/",1,1,1,0,0,0,0
"2026-04-05","sinotales.com","/tag/big-wild-goose-pagoda/",1,1,1,0,0,0,0
"2026-04-05","sinotales.com","/interests/food-drink/xian-muslim-quarter-food-guide/",1,1,1,0,0,0,0
"2026-04-05","sinotales.com","/destinations/shanghai/shanghai-french-concession-walking-guide/",3,3,3,261,3,892,3
"2026-04-05","sinotales.com","/destinations/guangxi/yangshuo/cycling-yulong-river-yangshuo-guide/",1,1,1,0,0,0,0
"2026-04-05","sinotales.com","/destinations/beijing/beijing-hutong-food-guide/",1,1,1,0,0,0,0
"2026-04-05","sinotales.com","/ressources/apps-tech/china-travel-apps-guide-2026/",1,1,1,51,1,40,1
"2026-04-05","sinotales.com","/tag/terracotta-warriors/",1,1,1,0,0,0,0
"2026-04-05","sinotales.com","/destinations/guangxi/4-day-guilin-yangshuo-itinerary/",1,1,1,95,1,213,1
"2026-04-05","sinotales.com","/destinations/",1,1,1,100,1,61,1
"2026-04-06","sinotales.com","/interests/nature-hiking/hua-shan-hiking-guide-china/",2,2,2,74,2,3,2
"2026-04-06","sinotales.com","/destinations/chengdu/sanxingdui-museum-guide-chengdu/",1,1,1,0,0,0,0
"2026-04-06","sinotales.com","/destinations/hangzhou/hangzhou-west-lake-china-travel-guide/",1,1,1,0,0,0,0
"2026-04-06","sinotales.com","/destinations/beijing/beijing-capital-airport-express-guide/",1,1,1,0,0,0,0
"2026-04-06","sinotales.com","/ressources/transport/xiamen-gulangyu-ferry-guide-foreigners/",1,1,1,0,0,0,0
"2026-04-06","sinotales.com","/destinations/beijing/beijing-hutong-food-guide/",1,1,1,35,1,40,1
"2026-04-06","sinotales.com","/tag/xian-city-wall/",1,1,1,0,0,0,0
"2026-04-06","sinotales.com","/interests/culture-history/songzanlin-monastery-guide-shangri-la/",1,1,1,18,1,28,1
"2026-04-06","sinotales.com","/destinations/guangxi/yangshuo/cycling-yulong-river-yangshuo-guide/",2,2,2,82,2,5,2
"2026-04-06","sinotales.com","/ressources/transport/china-laos-railway-guide-kunming-to-luang-prabang/",1,1,1,86,1,204,1
"2026-04-06","sinotales.com","/destinations/shanghai/shanghai-french-concession-walking-guide/",2,2,2,177,2,69,2
"2026-04-06","sinotales.com","/destinations/xinjiang/china-travel-tips-xinjiang-road-trip-2026/",2,2,2,58,1,16,1
"2026-04-06","sinotales.com","/destinations/chengdu/chengdu-tcm-travel-guide-china/",1,1,1,79,1,179,1
"2026-04-06","sinotales.com","/ressources/apps-tech/china-travel-tips-hema-freshippo-guide-2026/",3,2,3,281,3,46,3
"2026-04-06","sinotales.com","/tag/blind-massage/",1,1,1,34,1,2,1
"2026-04-06","sinotales.com","/destinations/harbin/",1,1,1,0,0,0,0
"2026-04-06","sinotales.com","/destinations/jingdezhen/jingdezhen-travel-guide-china/",3,3,3,0,0,0,0
"2026-04-07","sinotales.com","/ressources/transport/china-travel-tips-shared-bikes-2026/",2,2,2,0,0,0,0
"2026-04-07","sinotales.com","/tag/astrill-vpn/",1,1,1,100,1,6,1
"2026-04-07","sinotales.com","/ressources/apps-tech/china-travel-tips-internet-sim-vpn/",1,1,1,86,1,236,1
"2026-04-07","sinotales.com","/destinations/beijing/beijing-capital-airport-express-guide/",1,1,1,100,1,7,1
"2026-04-07","sinotales.com","/destinations/guangxi/yangshuo/cycling-yulong-river-yangshuo-guide/",3,3,3,139,2,147,2
"2026-04-07","sinotales.com","/ressources/transport/xiamen-gulangyu-ferry-guide-foreigners/",4,3,4,124,3,376,3
"2026-04-07","sinotales.com","/ressources/transport/beijing-to-shanghai-train-vs-flight/",1,1,1,77,1,87,1
"2026-04-07","sinotales.com","/destinations/beijing/beijing-hutong-food-guide/",1,1,1,45,1,33,1
"2026-04-07","sinotales.com","/ressources/transport/china-laos-railway-guide-kunming-to-luang-prabang/",2,2,2,0,0,0,0
"2026-04-07","sinotales.com","/destinations/gansu/china-travel-tips-labrang-monastery-2026/",1,1,1,0,0,0,0
"2026-04-07","sinotales.com","/destinations/sichuan/jiuzhaigou/jiuzhaigou-vs-huanglong-travel-guide/",1,1,1,0,0,0,0
"2026-04-07","sinotales.com","/blog/",1,1,1,14,1,29,1
"2026-04-07","sinotales.com","/destinations/shanghai/shanghai-french-concession-walking-guide/",3,3,6,203,3,97,3
"2026-04-07","sinotales.com","/destinations/hainan/hainan-travel-guide-yanoda-wuzhishan-hiking/",1,1,1,0,0,0,0
"2026-04-07","sinotales.com","/ressources/practical-tips/china-travel-tips-laundry-guide/",1,1,1,0,0,0,0
"2026-04-07","sinotales.com","/interests/food-drink/xian-muslim-quarter-food-guide/",1,1,1,0,0,0,0
"2026-04-07","sinotales.com","/",4,4,4,43,2,25,2
"2026-04-07","sinotales.com","/destinations/",1,1,1,14,1,19,1
"2026-04-07","sinotales.com","/destinations/beijing/first-time-china-travel-tips-great-wall-camping/",1,1,1,0,0,0,0
"2026-04-08","sinotales.com","/tag/xiagu-cruise-terminal/",1,1,1,0,0,0,0
"2026-04-08","sinotales.com","/",2,2,2,21,1,11,1
"2026-04-08","sinotales.com","/interests/food-drink/is-xiamen-worth-visiting-travel-guide/",1,1,1,0,0,0,0
"2026-04-08","sinotales.com","/ressources/budget-logistics/china-travel-tips-family-budget-cost/",3,3,3,0,0,0,0
"2026-04-08","sinotales.com","/interests/water-towns/wuzhen-vs-tongli-suzhou-water-towns-guide/",1,1,1,83,1,0,1
"2026-04-08","sinotales.com","/tag/dunhuang/",1,1,1,0,0,0,0
"2026-04-08","sinotales.com","/destinations/shanghai/shanghai-french-concession-walking-guide/",1,1,1,76,1,124,1
"2026-04-08","sinotales.com","/interests/food-drink/xian-muslim-quarter-food-guide/",1,1,1,0,0,0,0
"2026-04-08","sinotales.com","/destinations/beijing/beijing-antique-markets-guide/",2,1,2,76,1,183,1
"2026-04-08","sinotales.com","/tag/qinghai-gansu-loop/",1,1,1,0,0,0,0
"2026-04-08","sinotales.com","/destinations/sichuan/jiuzhaigou/jiuzhaigou-vs-huanglong-travel-guide/",1,1,1,18,1,288,1
"2026-04-08","sinotales.com","/destinations/yunnan/yunnan-mushroom-hotpot-guide-china/",2,2,2,41,1,2,1
"2026-04-08","sinotales.com","/tag/gulangyu-island/",1,1,1,0,0,0,0
"2026-04-08","sinotales.com","/ressources/practical-tips/china-travel-tips-laundry-guide/",1,1,2,47,1,43,1
"2026-04-08","sinotales.com","/destinations/guangxi/yangshuo/cycling-yulong-river-yangshuo-guide/",1,1,1,66,1,125,1
"2026-04-08","sinotales.com","/blog/",1,1,1,14,1,49,1
"2026-04-08","sinotales.com","/destinations/xian/xian-3-day-itinerary-travel-tips/",1,1,1,0,0,0,0
"2026-04-08","sinotales.com","/destinations/zhangjiajie/china-travel-tips-zhangjiajie-gates-2026/",8,8,8,66,6,38,6
"2026-04-08","sinotales.com","/destinations/tibet/7-day-tibet-itinerary-lhasa-everest/",1,1,1,0,0,0,0
"2026-04-08","sinotales.com","/interests/nature-hiking/chongqing-wulong-karst-day-trip/",2,2,2,189,2,321,2
"2026-04-08","sinotales.com","/tag/silk-road-china/",1,1,1,0,0,0,0
"2026-04-08","sinotales.com","/destinations/",1,1,1,0,0,0,0
"2026-04-09","sinotales.com","/ressources/transport/china-laos-railway-guide-kunming-to-luang-prabang/",1,1,1,85,1,149,1
"2026-04-09","sinotales.com","/destinations/shanghai/where-to-stay-shanghai-first-time-guide/",1,1,1,16,1,3,1
"2026-04-09","sinotales.com","/ressources/apps-tech/china-travel-apps-guide-2026/",1,1,1,93,1,239,1
"2026-04-09","sinotales.com","/destinations/beijing/beijing-hutong-food-guide/",1,1,1,33,1,1,1
"2026-04-09","sinotales.com","/ressources/practical-guides/first-time-travel-china-luggage-shipping-guide/",1,1,1,0,0,0,0
"2026-04-09","sinotales.com","/destinations/zhangjiajie/china-travel-tips-zhangjiajie-gates-2026/",1,1,1,100,1,3,1
"2026-04-09","sinotales.com","/",3,3,5,36,1,23,1
"2026-04-09","sinotales.com","/contact/",2,2,2,190,2,47,2
"2026-04-09","sinotales.com","/blog/",1,1,1,91,1,30,1
"2026-04-09","sinotales.com","/destinations/xian/xian-3-day-itinerary-travel-tips/",1,1,1,0,0,0,0
"2026-04-09","sinotales.com","/ressources/transport/",1,1,1,52,1,26,1
"2026-04-09","sinotales.com","/destinations/chengdu/",1,1,1,53,1,15,1
"2026-04-09","sinotales.com","/ressources/transport/hong-kong-guilin-high-speed-train-guide/",1,1,1,0,0,0,0
"2026-04-09","sinotales.com","/ressources/money-costs/china-travel-cost-guide-2026/",1,1,1,0,0,0,0
"2026-04-09","sinotales.com","/destinations/guangxi/4-day-guilin-yangshuo-itinerary/",1,1,1,77,1,262,1
"2026-04-09","sinotales.com","/ressources/practical-tips/china-travel-tips-laundry-guide/",1,1,1,29,1,49,1
"2026-04-09","sinotales.com","/destinations/hangzhou/hangzhou-west-lake-china-travel-guide/",1,1,1,0,0,0,0
"2026-04-09","sinotales.com","/destinations/beijing/beijing-capital-airport-express-guide/",3,3,3,245,3,632,3
"2026-04-09","sinotales.com","/ressources/transport/beijing-to-shanghai-train-vs-flight/",1,1,1,94,1,63,1
"2026-04-09","sinotales.com","/ressources/apps-tech/china-travel-tips-2026-translation-apps/",1,1,3,94,1,1087,1
"2026-04-09","sinotales.com","/destinations/chengdu/chengdu-metro-guide-tourist-tips/",1,1,1,93,1,308,1
"2026-04-09","sinotales.com","/destinations/shanghai/shanghai-french-concession-walking-guide/",1,1,2,91,1,61,1
"2026-04-09","sinotales.com","/interests/food-drink/changsha-food-guide-china-travel-tips/",1,1,1,0,0,0,0
"2026-04-09","sinotales.com","/destinations/xinjiang/china-travel-tips-xinjiang-road-trip-2026/",3,3,4,104,2,423,2
"2026-04-09","sinotales.com","/destinations/beijing/beijing-craft-beer-guide-hutongs/",1,1,1,75,1,152,1
"2026-04-09","sinotales.com","/destinations/",1,1,1,0,0,0,0
"2026-04-09","sinotales.com","/interests/food-drink/xian-muslim-quarter-food-guide/",1,1,1,0,0,0,0
"2026-04-09","sinotales.com","/tag/144-hour-visa-free-transit/",1,1,1,0,0,0,0
"2026-04-09","sinotales.com","/ressources/budget-logistics/china-travel-tips-family-budget-cost/",2,2,2,94,1,12,1
"2026-04-09","sinotales.com","/tag/xiamen-travel/",1,1,1,0,0,0,0
"2026-04-09","sinotales.com","/ressources/apps-tech/china-travel-tips-ordering-coffee/",1,1,1,83,1,139,1
"2026-04-10","sinotales.com","/interests/nature-hiking/chongqing-wulong-karst-day-trip/",1,1,1,94,1,240,1
"2026-04-10","sinotales.com","/destinations/sichuan/jiuzhaigou/jiuzhaigou-vs-huanglong-travel-guide/",1,1,1,93,1,59,1
"2026-04-10","sinotales.com","/destinations/chongqing/chongqing-metro-guide-travel-tips/",2,2,2,19,1,2,1
"2026-04-10","sinotales.com","/destinations/guangdong/guangzhou/guangzhou-food-guide-beyond-dim-sum/",1,1,1,0,0,0,0
"2026-04-10","sinotales.com","/ressources/budget-logistics/china-travel-tips-family-budget-cost/",1,1,1,20,1,3,1
"2026-04-10","sinotales.com","/tag/mogao-caves/",1,1,1,0,0,0,0
"2026-04-10","sinotales.com","/ressources/apps-tech/china-mobile-payments-alipay-wechat-guide/",1,1,1,84,1,841,1
"2026-04-10","sinotales.com","/ressources/apps-tech/china-travel-tips-2026-translation-apps/",2,2,2,188,2,181,2
"2026-04-10","sinotales.com","/destinations/chengdu/chengdu-modern-art-travel-guide/",1,1,1,100,1,28,1
"2026-04-10","sinotales.com","/destinations/xinjiang/china-travel-tips-xinjiang-road-trip-2026/",4,3,6,123,3,241,3
"2026-04-10","sinotales.com","/destinations/shanghai/shanghai-french-concession-walking-guide/",1,1,1,0,0,0,0
"2026-04-10","sinotales.com","/ressources/budget-logistics/",1,1,1,78,1,20,1
"2026-04-10","sinotales.com","/tag/alipay/",1,1,1,13,1,9,1
"2026-04-10","sinotales.com","/contact/",1,1,1,0,0,0,0
"2026-04-10","sinotales.com","/ressources/apps-tech/china-travel-tips-hema-freshippo-guide-2026/",2,2,2,100,1,14,1
"2026-04-10","sinotales.com","/ressources/apps-tech/",1,1,1,100,1,5,1
"2026-04-10","sinotales.com","/tag/chengdu-metro/",1,1,1,91,1,9,1
"2026-04-10","sinotales.com","/interests/photography/dongchuan-red-land-travel-guide/",1,1,1,0,0,0,0
"2026-04-10","sinotales.com","/destinations/chengdu/chengdu-metro-guide-tourist-tips/",1,1,2,92,1,653,1
"2026-04-10","sinotales.com","/ressources/safety/first-time-travel-china-solo-female/",1,1,1,96,1,320,1
"2026-04-10","sinotales.com","/interests/food-drink/changsha-food-guide-china-travel-tips/",1,1,1,0,0,0,0
"2026-04-10","sinotales.com","/ressources/transport/hong-kong-guilin-high-speed-train-guide/",1,1,1,0,0,0,0
"2026-04-10","sinotales.com","/destinations/beijing/beijing-capital-airport-express-guide/",3,3,5,152,3,406,3
"2026-04-10","sinotales.com","/destinations/guangxi/yangshuo/cycling-yulong-river-yangshuo-guide/",1,1,1,99,1,142,1
"2026-04-10","sinotales.com","/ressources/practical-guides/first-time-travel-china-luggage-shipping-guide/",1,1,1,69,1,190,1
"2026-04-10","sinotales.com","/ressources/transport/china-travel-tips-shared-bikes-2026/",1,1,1,95,1,186,1
"2026-04-10","sinotales.com","/ressources/transport/china-high-speed-rail-guide/",1,1,1,0,0,0,0
"2026-04-10","sinotales.com","/",5,5,6,99,3,15,3
"2026-04-10","sinotales.com","/destinations/guangdong/guangzhou/china-travel-tips-guangzhou-dim-sum/",2,2,2,191,2,161,2
"2026-04-10","sinotales.com","/destinations/shenzhen/",1,1,1,36,1,3,1
"2026-04-10","sinotales.com","/destinations/sichuan/",1,1,1,53,1,9,1
"2026-04-11","sinotales.com","/destinations/shanghai/shanghai-day-trips-high-speed-rail-guide/",1,1,1,10,1,2,1
"2026-04-11","sinotales.com","/ressources/budget-logistics/china-travel-tips-family-budget-cost/",2,2,2,20,1,3,1
"2026-04-11","sinotales.com","/destinations/gansu/china-travel-tips-qinghai-gansu-loop/",1,1,1,0,0,0,0
"2026-04-11","sinotales.com","/destinations/gansu/",1,1,1,0,0,0,0
"2026-04-11","sinotales.com","/destinations/beijing/best-great-wall-sections-guide/",1,1,1,66,1,72,1
"2026-04-11","sinotales.com","/ressources/transport/beijing-shanghai-train-vs-flight",1,1,1,0,0,0,0
"2026-04-11","sinotales.com","/destinations/xinjiang/china-travel-tips-xinjiang-road-trip-2026/",1,1,1,51,1,7,1
"2026-04-11","sinotales.com","/ressources/visas-permits/china-travel-tips-144-hour-visa-free-guide/",1,1,1,0,0,0,0
"2026-04-11","sinotales.com","/destinations/shanghai/shanghai-french-concession-walking-guide/",3,3,3,177,3,330,3
"2026-04-11","sinotales.com","/destinations/guangxi/yangshuo/cycling-yulong-river-yangshuo-guide/",2,2,2,144,2,707,2
"2026-04-11","sinotales.com","/tag/sanqiutian-wharf/",1,1,1,0,0,0,0
"2026-04-11","sinotales.com","/ressources/transport/china-travel-tips-shared-bikes-2026/",2,2,2,0,0,0,0
"2026-04-11","sinotales.com","/destinations/beijing/beijing-capital-airport-express-guide/",1,1,1,25,1,9,1
"2026-04-11","sinotales.com","/destinations/hangzhou/hangzhou-west-lake-china-travel-guide/",1,1,1,0,0,0,0
"2026-04-11","sinotales.com","/ressources/apps-tech/china-travel-apps-guide-2026/",1,1,1,100,1,241,1
"2026-04-11","sinotales.com","/ressources/transport/xiamen-gulangyu-ferry-guide-foreigners/",2,2,3,70,1,340,1
"2026-04-11","sinotales.com","/tag/zhangye-danxia/",1,1,1,0,0,0,0
"2026-04-11","sinotales.com","/tag/xining/",1,1,1,0,0,0,0
"2026-04-11","sinotales.com","/interests/food-drink/changsha-food-guide-china-travel-tips/",1,1,1,0,0,0,0
"2026-04-11","sinotales.com","/ressources/practical-guides/first-time-travel-china-luggage-shipping-guide/",3,3,3,275,3,693,3
"2026-04-11","sinotales.com","/",1,1,1,20,1,2,1
"2026-04-11","sinotales.com","/destinations/beijing/beijing-craft-beer-guide-hutongs/",2,2,2,88,2,120,2
"2026-04-12","sinotales.com","/ressources/practical-guides/first-time-travel-china-luggage-shipping-guide/",2,2,2,180,2,62,2
"2026-04-12","sinotales.com","/destinations/tibet/tibet-travel-permits-guide-ttb-aliens-military/",1,1,1,87,1,42,1
"2026-04-12","sinotales.com","/tag/neicuoao-wharf/",1,1,1,0,0,0,0
"2026-04-12","sinotales.com","/destinations/zhangjiajie/china-travel-tips-zhangjiajie-gates-2026/",3,3,3,0,0,0,0
"2026-04-12","sinotales.com","/destinations/shanghai/where-to-stay-shanghai-first-time-guide/",2,2,2,26,1,140,1
"2026-04-12","sinotales.com","/destinations/guangxi/4-day-guilin-yangshuo-itinerary/",1,1,1,64,1,1,1
"2026-04-12","sinotales.com","/destinations/shanghai/",1,1,1,71,1,28,1
"2026-04-12","sinotales.com","/ressources/transport/china-high-speed-rail-guide/",1,1,1,0,0,0,0
"2026-04-12","sinotales.com","/ressources/practical-tips/china-travel-tips-public-toilets-guide/",1,1,1,0,0,0,0
"2026-04-12","sinotales.com","/destinations/guangxi/yangshuo/cycling-yulong-river-yangshuo-guide/",1,1,1,64,1,12,1
"2026-04-12","sinotales.com","/ressources/transport/beijing-shanghai-high-speed-train-guide/",1,1,1,100,1,744,1
"2026-04-12","sinotales.com","/destinations/shanghai/shanghai-french-concession-walking-guide/",6,5,7,207,4,121,4
"2026-04-12","sinotales.com","/destinations/chengdu/chengdu-hot-pot-china-travel-tips/",2,2,2,0,0,0,0
"2026-04-12","sinotales.com","/destinations/zhangjiajie/zhangjiajie-to-fenghuang-travel-guide/",1,1,1,0,0,0,0
"2026-04-12","sinotales.com","/interests/culture-history/",1,1,1,0,0,0,0
"2026-04-12","sinotales.com","/ressources/transport/terracotta-warriors-diy-guide-tickets-scams/",2,2,2,86,1,201,1
"2026-04-12","sinotales.com","/ressources/transport/xiamen-gulangyu-ferry-guide-foreigners/",1,1,1,0,0,0,0
"2026-04-12","sinotales.com","/ressources/transport/beijing-to-shanghai-train-vs-flight/",2,2,2,0,0,0,0
"2026-04-12","sinotales.com","/destinations/yunnan/",1,1,1,0,0,0,0
"2026-04-12","sinotales.com","/destinations/yunnan/yunnan-travel-guide-kunming-dali-lijiang/",2,2,2,0,0,0,0
"2026-04-12","sinotales.com","/destinations/shenzhen/dapeng-peninsula-hiking-guide/",1,1,1,80,1,27,1
"2026-04-12","sinotales.com","/ressources/budget-logistics/china-travel-tips-family-budget-cost/",1,1,1,0,0,0,0
"2026-04-12","sinotales.com","/interests/water-towns/wuzhen-vs-tongli-suzhou-water-towns-guide/",3,3,3,274,3,818,3
"2026-04-13","sinotales.com","/destinations/sichuan/china-travel-tips-western-sichuan-guide/",1,1,1,0,0,0,0
"2026-04-13","sinotales.com","/tag/biang-biang-noodles/",1,1,1,0,0,0,0
"2026-04-13","sinotales.com","/destinations/tibet/",1,1,1,0,0,0,0
"2026-04-13","sinotales.com","/interests/food-drink/changsha-food-guide-china-travel-tips/",1,1,1,0,0,0,0
"2026-04-13","sinotales.com","/tag/halal-food-china/",1,1,1,0,0,0,0
"2026-04-13","sinotales.com","/destinations/xinjiang/",1,1,1,87,1,114,1
"2026-04-13","sinotales.com","/tag/yunnan-travel/",1,1,1,0,0,0,0
"2026-04-13","sinotales.com","/ressources/apps-tech/china-travel-tips-hema-freshippo-guide-2026/",5,4,6,300,3,152,3
"2026-04-13","sinotales.com","/destinations/yunnan/yunnan-mushroom-hotpot-guide-china/",1,1,1,0,0,0,0
"2026-04-13","sinotales.com","/tag/street-food/",1,1,1,0,0,0,0
"2026-04-13","sinotales.com","/ressources/transport/xiamen-gulangyu-ferry-guide-foreigners/",1,1,1,54,1,20,1
"2026-04-13","sinotales.com","/ressources/transport/beijing-to-shanghai-train-vs-flight/",1,1,1,0,0,0,0
"2026-04-13","sinotales.com","/interests/nature-hiking/china-travel-tips-2026-shunan-bamboo-sea/",1,1,1,89,1,93,1
"2026-04-13","sinotales.com","/contact/",1,1,1,75,1,37,1
"2026-04-13","sinotales.com","/ressources/transport/terracotta-warriors-diy-guide-tickets-scams/",1,1,2,93,1,22,1
"2026-04-13","sinotales.com","/privacy-policy/",1,1,1,0,0,0,0
"2026-04-13","sinotales.com","/destinations/shenzhen/dapeng-peninsula-hiking-guide/",1,1,1,8,1,14,1
"2026-04-13","sinotales.com","/destinations/chengdu/chengdu-hot-pot-china-travel-tips/",1,1,1,0,0,0,0
"2026-04-13","sinotales.com","/tag/shanghai/",1,1,1,0,0,0,0
"2026-04-13","sinotales.com","/destinations/sichuan/jiuzhaigou/jiuzhaigou-vs-huanglong-travel-guide/",1,1,1,97,1,260,1
"2026-04-13","sinotales.com","/destinations/chengdu/china-travel-tips-chengdu-food-guide/",1,1,1,94,1,101,1
"2026-04-13","sinotales.com","/destinations/xinjiang/xinjiang-public-transport-route/",1,1,1,100,1,659,1
"2026-04-13","sinotales.com","/tag/jianshouqing/",1,1,1,0,0,0,0
"2026-04-13","sinotales.com","/interests/water-towns/wuzhen-vs-tongli-suzhou-water-towns-guide/",1,1,1,100,1,143,1
"2026-04-13","sinotales.com","/ressources/budget-logistics/china-travel-tips-family-budget-cost/",1,1,1,0,0,0,0
"2026-04-13","sinotales.com","/destinations/beijing/beijing-antique-markets-guide/",1,1,1,89,1,33,1
"2026-04-13","sinotales.com","/destinations/beijing/beijing-hutong-food-guide/",1,1,1,61,1,158,1
"2026-04-13","sinotales.com","/tag/mushroom-hotpot/",1,1,1,0,0,0,0
"2026-04-13","sinotales.com","/ressources/visas-permits/",1,1,1,0,0,0,0
"2026-04-13","sinotales.com","/ressources/apps-tech/china-travel-apps-guide-2026/",1,1,1,81,1,26,1
"2026-04-13","sinotales.com","/interests/food-drink/xian-night-market-guide-china/",1,1,1,0,0,0,0
"2026-04-13","sinotales.com","/tag/food-safety/",1,1,1,0,0,0,0
"2026-04-13","sinotales.com","/destinations/shanghai/where-to-stay-shanghai-first-time-guide/",1,1,1,38,1,11,1
"2026-04-13","sinotales.com","/destinations/beijing/",1,1,1,72,1,7,1
"2026-04-13","sinotales.com","/ressources/transport/china-laos-railway-guide-kunming-to-luang-prabang/",3,3,3,17,1,3,1
"2026-04-13","sinotales.com","/interests/nature-hiking/fanjingshan-travel-guide-guizhou/",1,1,1,0,0,0,0
"2026-04-13","sinotales.com","/ressources/apps-tech/",1,1,1,50,1,6,1
"2026-04-13","sinotales.com","/about/",1,1,1,0,0,0,0
"2026-04-13","sinotales.com","/destinations/chongqing/chongqing-travel-guide-first-time-china/",1,1,1,0,0,0,0
"2026-04-13","sinotales.com","/",6,6,7,196,4,462,4
"2026-04-13","sinotales.com","/ressources/money-costs/china-travel-cost-guide-2026/",1,1,1,96,1,176,1
"2026-04-14","sinotales.com","/destinations/guangxi/yangshuo/cycling-yulong-river-yangshuo-guide/",1,1,1,100,1,184,1
"2026-04-14","sinotales.com","/ressources/transport/hong-kong-guilin-high-speed-train-guide/",1,1,1,0,0,0,0
"2026-04-14","sinotales.com","/ressources/transport/beijing-to-shanghai-train-vs-flight/",1,1,1,0,0,0,0
"2026-04-14","sinotales.com","/tag/dali/",1,1,1,0,0,0,0
"2026-04-14","sinotales.com","/destinations/beijing/beijing-capital-airport-express-guide/",2,2,2,0,0,0,0
"2026-04-14","sinotales.com","/interests/culture-history/songzanlin-monastery-guide-shangri-la/",1,1,1,100,1,24,1
"2026-04-14","sinotales.com","/",3,3,3,27,2,3,2
"2026-04-14","sinotales.com","/destinations/beijing/beijing-subway-guide-tips/",2,2,2,0,0,0,0
"2026-04-14","sinotales.com","/interests/nature-hiking/hua-shan-hiking-guide-china/",1,1,1,0,0,0,0
"2026-04-14","sinotales.com","/interests/food-drink/changsha-food-guide-china-travel-tips/",1,1,1,0,0,0,0
"2026-04-14","sinotales.com","/ressources/safety/first-time-travel-china-solo-female/",1,1,1,20,1,5,1
"2026-04-14","sinotales.com","/destinations/guangxi/longji/",1,1,1,88,1,46,1
"2026-04-14","sinotales.com","/destinations/xinjiang/xinjiang-public-transport-route/",1,1,1,0,0,0,0
"2026-04-14","sinotales.com","/ressources/transport/china-laos-railway-guide-kunming-to-luang-prabang/",3,3,3,0,0,0,0
"2026-04-14","sinotales.com","/destinations/chengdu/chengdu-hot-pot-china-travel-tips/",1,1,1,0,0,0,0
"2026-04-14","sinotales.com","/tag/roujiamo/",1,1,1,0,0,0,0
"2026-04-14","sinotales.com","/interests/food-drink/xian-muslim-quarter-food-guide/",1,1,1,34,1,17,1
"2026-04-14","sinotales.com","/ressources/transport/air-travel/",1,1,1,0,0,0,0
"2026-04-14","sinotales.com","/destinations/hangzhou/hangzhou-airport-to-west-lake-2026-transport-guide/",1,1,1,0,0,0,0
"2026-04-14","sinotales.com","/ressources/apps-tech/china-travel-tips-hema-freshippo-guide-2026/",1,1,1,12,1,14,1
"2026-04-14","sinotales.com","/ressources/practical-tips/china-travel-tips-laundry-guide/",1,1,1,81,1,78,1
"2026-04-14","sinotales.com","/destinations/guangxi/4-day-guilin-yangshuo-itinerary/",2,2,2,156,2,249,2
"2026-04-15","sinotales.com","/ressources/money-costs/china-travel-cost-guide-2026/",2,2,2,12,1,4,1
"2026-04-15","sinotales.com","/ressources/",1,1,1,13,1,14,1
"2026-04-15","sinotales.com","/ressources/apps-tech/china-travel-tips-internet-sim-vpn/",1,1,1,49,1,62,1
"2026-04-15","sinotales.com","/",3,3,3,0,0,0,0
"2026-04-15","sinotales.com","/tag/chongqing-rail-transit/",1,1,1,0,0,0,0
"2026-04-15","sinotales.com","/ressources/budget-logistics/china-trip-cost-budget-2025/",1,1,1,0,0,0,0
"2026-04-15","sinotales.com","/tag/china-travel/",1,1,1,0,0,0,0
"2026-04-15","sinotales.com","/destinations/zhangjiajie/zhangjiajie-solo-travel-guide-safety-budget/",1,1,1,10,1,1,1
"2026-04-15","sinotales.com","/destinations/beijing/beijing-subway-guide-tips/",1,1,1,100,1,264,1
"2026-04-15","sinotales.com","/interests/food-drink/changsha-food-guide-china-travel-tips/",1,1,1,0,0,0,0
"2026-04-15","sinotales.com","/destinations/shanghai/where-to-stay-shanghai-first-time-guide/",1,1,1,18,1,9,1
"2026-04-15","sinotales.com","/destinations/beijing/beijing-craft-beer-guide-hutongs/",1,1,1,84,1,430,1
"2026-04-15","sinotales.com","/ressources/transport/xiamen-gulangyu-ferry-guide-foreigners/",1,1,1,19,1,1,1
"2026-04-15","sinotales.com","/destinations/beijing/beijing-hutong-food-guide/",1,1,1,69,1,45,1
"2026-04-15","sinotales.com","/destinations/beijing/beijing-capital-airport-express-guide/",2,2,2,0,0,0,0
"2026-04-15","sinotales.com","/destinations/macau/macau-travel-guide-2026/",1,1,3,100,1,77,1
"2026-04-15","sinotales.com","/ressources/apps-tech/china-travel-apps-guide-2026/",2,2,2,0,0,0,0
"2026-04-15","sinotales.com","/tag/dongchuan-red-land/",1,1,1,0,0,0,0
"2026-04-15","sinotales.com","/tag/china-photography/",1,1,1,0,0,0,0
"2026-04-15","sinotales.com","/destinations/gansu/china-travel-tips-labrang-monastery-2026/",2,2,2,19,1,1,1
"2026-04-15","sinotales.com","/tag/luoxiagou/",1,1,1,0,0,0,0
"2026-04-15","sinotales.com","/interests/water-towns/wuzhen-vs-tongli-suzhou-water-towns-guide/",1,1,1,0,0,0,0
"2026-04-15","sinotales.com","/ressources/budget-logistics/china-travel-tips-family-budget-cost/",1,1,1,29,1,2,1
"2026-04-15","sinotales.com","/tag/line-2/",1,1,1,0,0,0,0
"2026-04-15","sinotales.com","/tag/metro-guide/",1,1,1,0,0,0,0
"2026-04-15","sinotales.com","/destinations/chongqing/chongqing-metro-guide-travel-tips/",3,3,3,0,0,0,0
"2026-04-15","sinotales.com","/destinations/yunnan/kunming/kunming-travel-guide-china-itinerary/",1,1,1,0,0,0,0
"2026-04-15","sinotales.com","/interests/culture-history/nanxun-water-town-guide-china/",1,1,1,15,1,4,1
"2026-04-15","sinotales.com","/ressources/apps-tech/china-travel-tips-hema-freshippo-guide-2026/",3,3,3,83,1,62,1
"2026-04-15","sinotales.com","/tag/chongqing/",1,1,1,0,0,0,0
"2026-04-16","sinotales.com","/ressources/accommodation/china-travel-tips-hotel-booking-2026/",1,1,1,0,0,0,0
"2026-04-16","sinotales.com","/destinations/yunnan/kunming/kunming-travel-guide-china-itinerary/",1,1,1,0,0,0,0
"2026-04-16","sinotales.com","/destinations/shanghai/first-time-travel-china-tips-shanghai-layover/",1,1,1,0,0,0,0
"2026-04-16","sinotales.com","/interests/nature-hiking/china-travel-tips-2026-shunan-bamboo-sea/",1,1,1,100,1,42,1
"2026-04-16","sinotales.com","/ressources/apps-tech/china-travel-tips-hema-freshippo-guide-2026/",1,1,1,0,0,0,0
"2026-04-16","sinotales.com","/destinations/yangtze-river/china-travel-tips-yangtze-cruise-guide-2026/",1,1,1,44,1,5,1
"2026-04-16","sinotales.com","/ressources/apps-tech/china-travel-tips-ordering-coffee/",2,2,2,96,2,46,2
"2026-04-16","sinotales.com","/blog/",1,1,1,14,1,12,1
"2026-04-16","sinotales.com","/destinations/tibet/how-to-get-to-tibet-flights-train/",1,1,1,0,0,0,0
"2026-04-16","sinotales.com","/destinations/shanghai/shanghai-french-concession-walking-guide/",1,1,1,82,1,305,1
"2026-04-16","sinotales.com","/tag/liziba-station/",1,1,1,0,0,0,0
"2026-04-16","sinotales.com","/tag/china-travel-2026/",1,1,1,0,0,0,0
"2026-04-16","sinotales.com","/ressources/transport/xiamen-gulangyu-ferry-guide-foreigners/",1,1,1,100,1,248,1
"2026-04-16","sinotales.com","/tag/hongyadong/",1,1,1,0,0,0,0
"2026-04-16","sinotales.com","/destinations/gansu/china-travel-tips-labrang-monastery-2026/",1,1,1,0,0,0,0
"2026-04-16","sinotales.com","/interests/food-drink/china-travel-tips-dining-etiquette/",1,1,1,0,0,0,0
"2026-04-16","sinotales.com","/interests/culture-history/suzhou-gardens-guide-china-travel-tips/",1,1,1,0,0,0,0
"2026-04-16","sinotales.com","/destinations/jingdezhen/jingdezhen-travel-guide-china/",1,1,1,31,1,2,1
"2026-04-16","sinotales.com","/destinations/beijing/beijing-hutong-food-guide/",1,1,1,0,0,0,0
"2026-04-16","sinotales.com","/ressources/practical-guides/first-time-travel-china-luggage-shipping-guide/",1,1,1,0,0,0,0
"2026-04-16","sinotales.com","/tag/road-trip-china/",1,1,1,0,0,0,0
"2026-04-16","sinotales.com","/ressources/practical-tips/china-travel-tips-laundry-guide/",2,2,2,19,1,2,1
"2026-04-16","sinotales.com","/ressources/transport/beijing-shanghai-high-speed-train-guide/",1,1,1,0,0,0,0
"2026-04-16","sinotales.com","/tag/kunming-travel/",1,1,1,0,0,0,0
"2026-04-16","sinotales.com","/destinations/beijing/beijing-subway-guide-tips/",1,1,1,0,0,0,0
"2026-04-16","sinotales.com","/destinations/chongqing/chongqing-metro-guide-travel-tips/",1,1,1,0,0,0,0
"2026-04-16","sinotales.com","/ressources/money-costs/china-travel-cost-guide-2026/",1,1,1,17,1,2,1
"2026-04-16","sinotales.com","/destinations/",1,1,1,14,1,21,1
"2026-04-16","sinotales.com","/",5,5,5,84,4,33,4
"2026-04-17","sinotales.com","/ressources/transport/china-high-speed-rail-guide/",1,1,1,0,0,0,0
"2026-04-17","sinotales.com","/interests/nature-hiking/china-travel-tips-2026-shunan-bamboo-sea/",1,1,1,82,1,98,1
"2026-04-17","sinotales.com","/destinations/shanghai/shanghai-french-concession-walking-guide/",4,3,6,208,3,186,3
"2026-04-17","sinotales.com","/tag/yunnan-province/",1,1,1,0,0,0,0
"2026-04-17","sinotales.com","/ressources/transport/china-high-speed-train-guide-booking-tips/",1,1,1,0,0,0,0
"2026-04-17","sinotales.com","/ressources/apps-tech/china-travel-tips-2026-translation-apps/",1,1,1,0,0,0,0
"2026-04-17","sinotales.com","/destinations/jingdezhen/jingdezhen-travel-guide-china/",1,1,1,0,0,0,0
"2026-04-17","sinotales.com","/interests/water-towns/wuzhen-vs-tongli-suzhou-water-towns-guide/",1,1,1,100,1,119,1
"2026-04-17","sinotales.com","/ressources/budget-logistics/china-travel-tips-family-budget-cost/",2,2,2,29,1,2,1
"2026-04-17","sinotales.com","/destinations/guangxi/4-day-guilin-yangshuo-itinerary/",2,2,2,170,2,303,2
"2026-04-17","sinotales.com","/destinations/tibet/tibet-train-travel-guide/",2,2,2,85,1,151,1
"2026-04-17","sinotales.com","/ressources/",1,1,1,0,0,0,0
"2026-04-17","sinotales.com","/destinations/beijing/best-great-wall-sections-guide/",1,1,1,85,1,21,1
"2026-04-17","sinotales.com","/destinations/hainan/hainan-coastal-highway-road-trip-itinerary/",1,1,1,90,1,81,1
"2026-04-17","sinotales.com","/contact/",1,1,1,0,0,0,0
"2026-04-17","sinotales.com","/destinations/beijing/beijing-capital-airport-express-guide/",1,1,1,79,1,6,1
"2026-04-17","sinotales.com","/destinations/beijing/first-time-china-travel-tips-beijing-daxing-airport/",1,1,1,13,1,1,1
"2026-04-17","sinotales.com","/destinations/tibet/tibet-travel-permits-guide-ttb-aliens-military/",1,1,1,0,0,0,0
"2026-04-17","sinotales.com","/destinations/hangzhou/hangzhou-airport-to-west-lake-2026-transport-guide/",1,1,1,3,1,1,1
"2026-04-17","sinotales.com","/destinations/shenzhen/dapeng-peninsula-hiking-guide/",1,1,1,8,1,2,1
"2026-04-17","sinotales.com","/ressources/transport/china-travel-tips-2026-hefei-huangshan-guide/",1,1,1,0,0,0,0
"2026-04-17","sinotales.com","/destinations/shenzhen/",1,1,1,59,1,1,1
"2026-04-17","sinotales.com","/about.html/",1,1,1,0,0,0,0
"2026-04-17","sinotales.com","/destinations/beijing/beijing-antique-markets-guide/",1,1,1,0,0,0,0
"2026-04-18","sinotales.com","/destinations/beijing/beijing-antique-markets-guide/",2,2,2,57,1,85,1
"2026-04-18","sinotales.com","/tag/huashitou-village/",1,1,1,0,0,0,0
"2026-04-18","sinotales.com","/destinations/guangdong/guangzhou/guangzhou-itinerary-china-travel-tips/",1,1,1,18,1,1,1
"2026-04-18","sinotales.com","/destinations/guangxi/yangshuo/cycling-yulong-river-yangshuo-guide/",1,1,4,96,1,538,1
"2026-04-18","sinotales.com","/ressources/transport/hong-kong-guilin-high-speed-train-guide/",1,1,1,100,1,311,1
"2026-04-18","sinotales.com","/interests/culture-history/nanxun-water-town-guide-china/",1,1,1,19,1,3,1
"2026-04-18","sinotales.com","/tag/esim/",1,1,1,0,0,0,0
"2026-04-18","sinotales.com","/destinations/xian/xian-3-day-itinerary-travel-tips/",1,1,1,44,1,3,1
"2026-04-18","sinotales.com","/ressources/transport/harbin-to-china-snow-town-guide/",1,1,1,15,1,14,1
"2026-04-18","sinotales.com","/ressources/money-costs/china-travel-cost-guide-2026/",1,1,1,0,0,0,0
"2026-04-18","sinotales.com","/",1,1,1,0,0,0,0
"2026-04-18","sinotales.com","/tag/first-time-china-travel/",1,1,1,0,0,0,0
"2026-04-18","sinotales.com","/destinations/guangxi/guilin/guilin-vs-yangshuo-travel-guide/",1,1,2,91,1,329,1
"2026-04-18","sinotales.com","/interests/culture-history/first-time-travel-china-yanji-guide-2026/",1,1,1,0,0,0,0
"2026-04-18","sinotales.com","/tag/alipay/",1,1,1,0,0,0,0
"2026-04-18","sinotales.com","/destinations/beijing/beijing-capital-airport-express-guide/",2,2,2,189,2,238,2
"2026-04-18","sinotales.com","/destinations/shanghai/shanghai-day-trips-high-speed-rail-guide/",1,1,1,83,1,717,1
"2026-04-18","sinotales.com","/tag/longjing-tea/",1,1,1,0,0,0,0
"2026-04-18","sinotales.com","/ressources/transport/beijing-to-shanghai-train-vs-flight/",1,1,1,0,0,0,0
"2026-04-18","sinotales.com","/ressources/transport/xiamen-gulangyu-ferry-guide-foreigners/",1,1,1,91,1,99,1
"2026-04-18","sinotales.com","/ressources/budget-logistics/china-travel-tips-family-budget-cost/",1,1,1,36,1,1,1
"2026-04-18","sinotales.com","/interests/water-towns/wuzhen-vs-tongli-suzhou-water-towns-guide/",1,1,1,0,0,0,0
"2026-04-18","sinotales.com","/destinations/shanghai/shanghai-french-concession-walking-guide/",2,2,2,163,2,201,2
"2026-04-18","sinotales.com","/tag/144-hour-transit-visa/",1,1,1,0,0,0,0
"2026-04-18","sinotales.com","/ressources/transport/china-high-speed-train-guide-booking-tips/",1,1,1,0,0,0,0
"2026-04-18","sinotales.com","/ressources/transport/china-high-speed-rail-guide/",1,1,1,0,0,0,0
"2026-04-18","sinotales.com","/ressources/budget-logistics/china-trip-cost-budget-2025/",1,1,1,0,0,0,0
"2026-04-18","sinotales.com","/interests/nature-hiking/china-travel-tips-2026-shunan-bamboo-sea/",1,1,1,100,1,70,1
"2026-04-18","sinotales.com","/destinations/xinjiang/",1,1,1,0,0,0,0
"2026-04-19","sinotales.com","/tag/fanjingshan/",1,1,1,99,1,2,1
"2026-04-19","sinotales.com","/destinations/beijing/beijing-antique-markets-guide/",1,1,1,0,0,0,0
"2026-04-19","sinotales.com","/destinations/guangxi/yangshuo/cycling-yulong-river-yangshuo-guide/",2,2,2,0,0,0,0
"2026-04-19","sinotales.com","/destinations/gansu/china-travel-tips-qinghai-gansu-loop/",1,1,1,0,0,0,0
"2026-04-19","sinotales.com","/interests/nature-hiking/fanjingshan-travel-guide-guizhou/",1,1,1,100,1,10,1
"2026-04-19","sinotales.com","/destinations/sichuan/jiuzhaigou/jiuzhaigou-vs-huanglong-travel-guide/",1,1,1,0,0,0,0
"2026-04-19","sinotales.com","/destinations/yunnan/ancient-tea-horse-road-china-guide/",1,1,1,75,1,134,1
"2026-04-19","sinotales.com","/tag/amdo-tibet/",1,1,1,0,0,0,0
"2026-04-19","sinotales.com","/tag/chengdu-hot-pot/",1,1,1,0,0,0,0
"2026-04-19","sinotales.com","/destinations/guangdong/guangzhou/guangzhou-food-guide-beyond-dim-sum/",1,1,1,0,0,0,0
"2026-04-19","sinotales.com","/destinations/shanghai/shanghai-day-trips-high-speed-rail-guide/",3,2,4,245,3,594,3
"2026-04-19","sinotales.com","/ressources/budget-logistics/china-travel-tips-family-budget-cost/",1,1,1,0,0,0,0
"2026-04-19","sinotales.com","/",5,5,5,144,3,34,3
"2026-04-19","sinotales.com","/ressources/apps-tech/",1,1,1,100,1,13,1
"2026-04-19","sinotales.com","/destinations/",2,2,2,14,1,26,1
"2026-04-19","sinotales.com","/blog/",3,3,3,95,2,4,2
"2026-04-19","sinotales.com","/contact/",1,1,1,100,1,13,1
"2026-04-19","sinotales.com","/interests/culture-history/suzhou-gardens-guide-china-travel-tips/",2,2,2,123,2,95,2
"2026-04-19","sinotales.com","/ressources/transport/xiamen-gulangyu-ferry-guide-foreigners/",2,2,2,116,2,188,2
"2026-04-19","sinotales.com","/ressources/transport/beijing-to-shanghai-train-vs-flight/",1,1,1,0,0,0,0
"2026-04-19","sinotales.com","/ressources/apps-tech/china-travel-tips-hema-freshippo-guide-2026/",1,1,1,100,1,238,1
"2026-04-19","sinotales.com","/interests/food-drink/changsha-food-guide-china-travel-tips/",1,1,1,0,0,0,0
"2026-04-19","sinotales.com","/destinations/beijing/beijing-hutong-food-guide/",2,2,2,77,1,131,1
"2026-04-19","sinotales.com","/ressources/transport/harbin-to-china-snow-town-guide/",1,1,1,27,1,10,1
"2026-04-19","sinotales.com","/destinations/shanghai/shanghai-french-concession-walking-guide/",2,2,2,164,2,197,2
"2026-04-20","sinotales.com","/destinations/guangxi/4-day-guilin-yangshuo-itinerary/",1,1,1,35,1,1,1
"2026-04-20","sinotales.com","/destinations/shanghai/shanghai-french-concession-walking-guide/",2,2,2,80,2,4,2
"2026-04-20","sinotales.com","/destinations/zhangjiajie/zhangjiajie-solo-travel-guide-safety-budget/",1,1,1,0,0,0,0
"2026-04-20","sinotales.com","/destinations/chongqing/china-travel-tips-chongqing-guide-2026/",1,1,1,0,0,0,0
"2026-04-20","sinotales.com","/destinations/gansu/china-travel-tips-qinghai-gansu-loop/",1,1,1,0,0,0,0
"2026-04-20","sinotales.com","/",1,1,1,20,1,2,1
"2026-04-20","sinotales.com","/ressources/transport/air-travel/china-travel-tips-airport-transfer-2026/",1,1,1,0,0,0,0
"2026-04-20","sinotales.com","/ressources/transport/china-laos-railway-guide-kunming-to-luang-prabang/",1,1,1,0,0,0,0
"2026-04-20","sinotales.com","/tag/travel-esim/",1,1,1,0,0,0,0
"2026-04-20","sinotales.com","/destinations/shanghai/where-to-stay-shanghai-first-time-guide/",1,1,1,18,1,2,1
"2026-04-20","sinotales.com","/destinations/chengdu/chengdu-panda-volunteer-guide/",3,2,3,226,3,307,3
"2026-04-20","sinotales.com","/tag/ganjia-grasslands/",1,1,1,0,0,0,0
"2026-04-20","sinotales.com","/tag/xiahe/",1,1,1,0,0,0,0
"2026-04-20","sinotales.com","/destinations/sichuan/jiuzhaigou/jiuzhaigou-vs-huanglong-travel-guide/",2,2,2,192,2,316,2
"2026-04-20","sinotales.com","/destinations/",1,1,1,55,1,17,1
"2026-04-20","sinotales.com","/tag/labrang-monastery/",1,1,1,0,0,0,0
"2026-04-20","sinotales.com","/destinations/xinjiang/xinjiang-public-transport-route/",1,1,1,17,1,3,1
"2026-04-20","sinotales.com","/destinations/beijing/first-time-china-travel-tips-beijing-daxing-airport/",3,3,3,85,2,20,2
"2026-04-20","sinotales.com","/tag/sanxingdui-museum/",1,1,1,0,0,0,0
"2026-04-20","sinotales.com","/destinations/shenzhen/dapeng-peninsula-hiking-guide/",1,1,1,8,1,53,1
"2026-04-20","sinotales.com","/tag/sichuan-cuisine/",1,1,1,0,0,0,0
"2026-04-20","sinotales.com","/destinations/chengdu/chengdu-metro-guide-tourist-tips/",1,1,1,0,0,0,0
"2026-04-20","sinotales.com","/ressources/transport/xiamen-gulangyu-ferry-guide-foreigners/",3,3,3,115,2,238,2
"2026-04-21","sinotales.com","/tag/china-tourist-visa/",1,1,1,0,0,0,0
"2026-04-21","sinotales.com","/interests/food-drink/changsha-food-guide-china-travel-tips/",1,1,1,0,0,0,0
"2026-04-21","sinotales.com","/destinations/tibet/tibet-train-travel-guide/",2,2,2,19,1,3,1
"2026-04-21","sinotales.com","/ressources/transport/beijing-to-shanghai-train-vs-flight/",1,1,1,0,0,0,0
"2026-04-21","sinotales.com","/ressources/transport/xiamen-gulangyu-ferry-guide-foreigners/",4,3,4,133,3,96,3
"2026-04-21","sinotales.com","/destinations/beijing/beijing-capital-airport-express-guide/",1,1,1,0,0,0,0
"2026-04-21","sinotales.com","/tag/sf-express/",1,1,1,0,0,0,0
"2026-04-21","sinotales.com","/destinations/beijing/beijing-antique-markets-guide/",1,1,1,0,0,0,0
"2026-04-21","sinotales.com","/destinations/chengdu/chengdu-hot-pot-china-travel-tips/",1,1,1,0,0,0,0
"2026-04-21","sinotales.com","/tag/doing-laundry-in-china/",1,1,1,0,0,0,0
"2026-04-21","sinotales.com","/destinations/xinjiang/",1,1,1,50,1,1,1
"2026-04-21","sinotales.com","/ressources/apps-tech/china-travel-tips-ordering-coffee/",1,1,1,77,1,44,1
"2026-04-21","sinotales.com","/ressources/transport/china-travel-tips-2026-hefei-huangshan-guide/",1,1,1,56,1,0,1
"2026-04-21","sinotales.com","/destinations/shenzhen/dapeng-peninsula-hiking-guide/",1,1,1,75,1,149,1
"2026-04-21","sinotales.com","/destinations/guangxi/yangshuo/cycling-yulong-river-yangshuo-guide/",1,1,2,50,1,33,1
"2026-04-21","sinotales.com","/ressources/transport/hong-kong-guilin-high-speed-train-guide/",1,1,1,33,1,62,1
"2026-04-21","sinotales.com","/",1,1,1,12,1,0,1
"2026-04-21","sinotales.com","/interests/nature-hiking/chongqing-wulong-karst-day-trip/",1,1,1,88,1,473,1
"2026-04-21","sinotales.com","/interests/food-drink/",1,1,1,0,0,0,0
"2026-04-21","sinotales.com","/tag/xian-travel/",1,1,1,0,0,0,0
"2026-04-21","sinotales.com","/destinations/shanghai/shanghai-french-concession-walking-guide/",1,1,1,7,1,1,1
"2026-04-21","sinotales.com","/tag/luggage-delivery/",1,1,1,0,0,0,0
"2026-04-21","sinotales.com","/ressources/transport/china-high-speed-rail-guide/",1,1,1,0,0,0,0
"2026-04-21","sinotales.com","/ressources/apps-tech/china-travel-tips-hema-freshippo-guide-2026/",1,1,1,0,0,0,0
"2026-04-21","sinotales.com","/destinations/beijing/beijing-hutong-food-guide/",1,1,1,0,0,0,0
"2026-04-21","sinotales.com","/destinations/guangxi/4-day-guilin-yangshuo-itinerary/",1,1,1,85,1,197,1
"2026-04-21","sinotales.com","/ressources/transport/china-laos-railway-guide-kunming-to-luang-prabang/",1,1,1,17,1,2,1
"2026-04-21","sinotales.com","/destinations/chengdu/chengdu-modern-art-travel-guide/",1,1,1,87,1,148,1
"2026-04-21","sinotales.com","/interests/water-towns/wuzhen-vs-tongli-suzhou-water-towns-guide/",1,1,1,100,1,77,1
"2026-04-21","sinotales.com","/destinations/jingdezhen/jingdezhen-travel-guide-china/",1,1,1,21,1,3,1
"2026-04-22","sinotales.com","/tag/hotel-laundry/",1,1,1,0,0,0,0
"2026-04-22","sinotales.com","/destinations/chengdu/sanxingdui-museum-guide-chengdu/",1,1,1,26,1,28,1
"2026-04-22","sinotales.com","/interests/water-towns/wuzhen-vs-tongli-suzhou-water-towns-guide/",1,1,1,25,1,16,1
"2026-04-22","sinotales.com","/ressources/transport/beijing-to-shanghai-train-vs-flight/",2,2,2,17,1,1,1
"2026-04-22","sinotales.com","/destinations/beijing/beijing-capital-airport-express-guide/",1,1,1,85,1,207,1
"2026-04-22","sinotales.com","/interests/nature-hiking/longji-rice-terraces-hiking-guide/",2,2,3,157,2,482,2
"2026-04-22","sinotales.com","/tag/chinese-washing-machines/",1,1,1,0,0,0,0
"2026-04-22","sinotales.com","/tag/hangzhou/",1,1,1,0,0,0,0
"2026-04-22","sinotales.com","/ressources/transport/terracotta-warriors-diy-guide-tickets-scams/",1,1,1,0,0,0,0
"2026-04-22","sinotales.com","/interests/culture-history/suzhou-gardens-guide-china-travel-tips/",3,3,3,54,3,3,3
"2026-04-22","sinotales.com","/tag/12306-app/",1,1,1,0,0,0,0
"2026-04-22","sinotales.com","/ressources/money-costs/china-travel-cost-guide-2026/",2,2,2,0,0,0,0
"2026-04-22","sinotales.com","/tag/ceramic-art/",1,1,1,0,0,0,0
"2026-04-22","sinotales.com","/ressources/apps-tech/china-travel-tips-hema-freshippo-guide-2026/",1,1,1,16,1,3,1
"2026-04-22","sinotales.com","/destinations/chengdu/chengdu-hot-pot-china-travel-tips/",1,1,1,19,1,3,1
"2026-04-22","sinotales.com","/ressources/transport/china-high-speed-train-guide-booking-tips/",1,1,1,0,0,0,0
"2026-04-22","sinotales.com","/ressources/apps-tech/china-travel-tips-2026-translation-apps/",1,1,1,19,1,1,1
"2026-04-22","sinotales.com","/destinations/shanghai/shanghai-french-concession-walking-guide/",2,2,2,47,1,55,1
"2026-04-22","sinotales.com","/interests/photography/china-photography-packing-list-travel-tips/",1,1,1,0,0,0,0
"2026-04-22","sinotales.com","/destinations/chongqing/chongqing-travel-guide-first-time-china/",1,1,1,0,0,0,0
"2026-04-22","sinotales.com","/destinations/guangxi/4-day-guilin-yangshuo-itinerary/",2,2,2,51,1,16,1
"2026-04-22","sinotales.com","/destinations/xian-destinations/china-travel-tips-xian-city-wall-cycling-guide/",1,1,1,0,0,0,0
"2026-04-23","sinotales.com","/ressources/practical-guides/first-time-travel-china-luggage-shipping-guide/",1,1,1,0,0,0,0
"2026-04-23","sinotales.com","/destinations/chengdu/chengdu-hot-pot-china-travel-tips/",1,1,1,0,0,0,0
"2026-04-23","sinotales.com","/tag/tiantou-zhai/",1,1,1,100,1,55,1
"2026-04-23","sinotales.com","/destinations/shanghai/shanghai-day-trips-high-speed-rail-guide/",1,1,1,100,1,92,1
"2026-04-23","sinotales.com","/ressources/safety/first-time-travel-china-solo-female/",2,2,3,27,1,5,1
"2026-04-23","sinotales.com","/destinations/beijing/beijing-craft-beer-guide-hutongs/",1,1,1,18,1,1,1
"2026-04-23","sinotales.com","/tag/china-hiking/",1,1,1,0,0,0,0
"2026-04-23","sinotales.com","/destinations/shanghai/shanghai-french-concession-walking-guide/",5,4,6,295,5,286,5
"2026-04-23","sinotales.com","/destinations/chengdu/chengdu-metro-guide-tourist-tips/",1,1,1,86,1,118,1
"2026-04-23","sinotales.com","/ressources/transport/china-high-speed-train-guide-booking-tips/",1,1,1,0,0,0,0
"2026-04-23","sinotales.com","/ressources/transport/harbin-to-china-snow-town-guide/",2,2,2,17,1,1,1
"2026-04-23","sinotales.com","/",1,1,1,100,1,2,1
"2026-04-23","sinotales.com","/destinations/beijing/beijing-hutong-food-guide/",3,3,3,117,2,783,2
"2026-04-23","sinotales.com","/interests/nature-hiking/longji-rice-terraces-hiking-guide/",1,1,1,77,1,434,1
"2026-04-23","sinotales.com","/ressources/transport/beijing-to-shanghai-train-vs-flight/",1,1,1,19,1,2,1
"2026-04-23","sinotales.com","/ressources/transport/xiamen-gulangyu-ferry-guide-foreigners/",1,1,1,33,1,104,1
"2026-04-23","sinotales.com","/ressources/apps-tech/china-travel-tips-hema-freshippo-guide-2026/",1,1,1,73,1,34,1
"2026-04-23","sinotales.com","/destinations/beijing/beijing-capital-airport-express-guide/",3,3,4,152,3,534,3
"2026-04-23","sinotales.com","/tag/leshan-giant-buddha/",1,1,1,0,0,0,0
"2026-04-23","sinotales.com","/destinations/shenzhen/dapeng-peninsula-hiking-guide/",1,1,1,60,1,16,1
"2026-04-23","sinotales.com","/destinations/guangxi/4-day-guilin-yangshuo-itinerary/",1,1,2,100,1,71,1
"2026-04-23","sinotales.com","/destinations/beijing/beijing-antique-markets-guide/",1,1,1,69,1,132,1
"2026-04-23","sinotales.com","/interests/food-drink/xian-muslim-quarter-food-guide/",1,1,1,0,0,0,0
"2026-04-23","sinotales.com","/destinations/beijing/first-time-china-travel-tips-great-wall-camping/",1,1,1,82,1,32,1
"2026-04-23","sinotales.com","/interests/culture-history/nanxun-water-town-guide-china/",1,1,1,49,1,55,1
"2026-04-24","sinotales.com","/ressources/budget-logistics/",1,1,1,0,0,0,0
"2026-04-24","sinotales.com","/ressources/budget-logistics/china-trip-cost-budget-2025/",1,1,2,0,0,0,0
"2026-04-24","sinotales.com","/interests/food-drink/first-time-travel-china-food-allergies/",1,1,1,0,0,0,0
"2026-04-24","sinotales.com","/destinations/beijing/first-time-china-travel-tips-beijing-daxing-airport/",2,2,2,23,1,3,1
"2026-04-24","sinotales.com","/ressources/transport/xiamen-gulangyu-ferry-guide-foreigners/",1,1,1,100,1,40,1
"2026-04-24","sinotales.com","/interests/food-drink/pingyao-ancient-city-guide/",1,1,1,0,0,0,0
"2026-04-24","sinotales.com","/destinations/chongqing/chongqing-travel-guide-first-time-china/",1,1,1,0,0,0,0
"2026-04-24","sinotales.com","/tag/wechat-pay/",1,1,1,0,0,0,0
"2026-04-24","sinotales.com","/destinations/beijing/beijing-capital-airport-express-guide/",4,4,4,195,2,316,2
"2026-04-24","sinotales.com","/destinations/gansu/china-travel-tips-labrang-monastery-2026/",3,3,3,57,3,4,3
"2026-04-24","sinotales.com","/ressources/transport/beijing-shanghai-high-speed-train-guide/",1,1,1,89,1,142,1
"2026-04-24","sinotales.com","/interests/culture-history/songzanlin-monastery-guide-shangri-la/",1,1,1,12,1,18,1
"2026-04-24","sinotales.com","/tag/ancient-shu-kingdom/",1,1,1,0,0,0,0
"2026-04-24","sinotales.com","/hiking-the-wuyi-mountains-a-guide-to-tea-temples-and-river-rafting/",1,1,1,71,1,4,1
"2026-04-24","sinotales.com","/",1,1,1,13,1,17,1
"2026-04-24","sinotales.com","/interests/nature-hiking/china-travel-tips-wuyishan-guide-2026/",1,1,2,13,1,118,1
"2026-04-24","sinotales.com","/destinations/jingdezhen/jingdezhen-travel-guide-china/",1,1,1,0,0,0,0
"2026-04-24","sinotales.com","/ressources/apps-tech/china-travel-tips-hema-freshippo-guide-2026/",2,2,2,72,1,93,1
"2026-04-24","sinotales.com","/ressources/accommodation/china-travel-tips-hotel-booking-2026/",1,1,1,0,0,0,0
"2026-04-24","sinotales.com","/destinations/shanghai/first-time-travel-china-tips-shanghai-layover/",1,1,1,100,1,370,1
"2026-04-24","sinotales.com","/destinations/shanghai/shanghai-french-concession-walking-guide/",6,6,7,338,5,644,5
"2026-04-24","sinotales.com","/visas-permits/",1,1,1,37,1,8,1
"2026-04-24","sinotales.com","/destinations/guangdong/guangzhou/china-travel-tips-guangzhou-dim-sum/",1,1,1,0,0,0,0
"2026-04-24","sinotales.com","/tag/china-budget-travel/",1,1,1,0,0,0,0
"2026-04-24","sinotales.com","/ressources/transport/china-laos-railway-guide-kunming-to-luang-prabang/",1,1,1,0,0,0,0
"2026-04-24","sinotales.com","/contact/",1,1,1,51,1,11,1
"2026-04-24","sinotales.com","/blog/",1,1,2,9,1,19,1
